modelo_titulo,provincia,kilometraje,combustible,distintivo_ambiental,garantia,cambio_automatico,carroceria,plazas,potencia,puertas,color,precio,vendedor_profesional,consumo_medio,certificado,fecha_extraccion,referencia,marca_sola,mes_matricula,anio_matricula,nombre_vendedor_profesional,peninsula_y_baleares,comunidad
Mustang 5.0 Ti-VCT V8+714 CV+RECARO+KAMERA+LED+,Madrid,23000,Gasolina,C,12.0,True,Pequeño,,714.0,3,GRIS,64900,True,,False,2025-02-18 11:15:17.922326,15231216,FORD,6,2019,GERMACARS MOBILITY,True,Comunidad de Madrid
Mustang 5.0 Ti-VCT V8 GT350 LOOK Shelby,Madrid,41000,Gasolina,C,12.0,False,Pequeño,,450.0,3,NEGRO,43000,True,,False,2025-02-18 11:15:45.618010,15221898,FORD,1,2019,GERMACARS MOBILITY,True,Comunidad de Madrid
Focus 2.3 Ecoboost ST 3,Madrid,89552,Gasolina,C,12.0,False,Berlina,5.0,280.0,5,NEGRO,29690,True,7.6,False,2025-02-18 11:15:53.589509,15036704,FORD,12,2020,GERMACARS MOBILITY,True,Comunidad de Madrid
X4 xDrive 20dA xLine,Granada,25600,Diésel,ECO,24.0,True,Coupe,5.0,190.0,5,AZUL,57900,True,,False,2025-02-18 11:16:00.414864,15227266,BMW,4,2024,FRAMACAR AUTOMOVILES,True,Andalucía
X4 xDrive 20dA,Granada,95800,Diésel,C,12.0,True,Coupe,5.0,190.0,5,ROJO,39490,True,5.0,False,2025-02-18 11:16:07.869053,15304683,BMW,2,2020,FRAMACAR AUTOMOVILES,True,Andalucía
Capri Premium RWD Rango Extendido 77kWh,Vizcaya,2100,Eléctrico,0 EMISIONES,60.0,True,Todo Terreno,5.0,286.0,5,OTROS,41900,True,,True,2025-02-18 11:16:15.306264,15441793,FORD,11,2024,"MINTEGUI SERVICIOS, concesionario oficial Ford",True,País Vasco
Explorer Premium RWD Rango Extendido 77kWh,Vizcaya,2100,Eléctrico,0 EMISIONES,60.0,True,Todo Terreno,5.0,286.0,5,BLANCO,38900,True,,True,2025-02-18 11:16:22.238697,15441792,FORD,11,2024,"MINTEGUI SERVICIOS, concesionario oficial Ford",True,País Vasco
Tucson 1.7 CRDI BLUEDRIVE LINK NAV 2WD 115CV 5P,Málaga,56697,Diésel,,12.0,False,"4x4, SUV o pickup",,115.0,5,BLANCO,18790,True,,True,2025-02-18 11:16:28.911978,15441463,HYUNDAI,12,2018,Onecar.es Málaga,True,Andalucía
CX-3 2.0 Style 2WD Aut. 120,Barcelona,73000,Gasolina,C,12.0,True,Todo Terreno,5.0,120.0,5,BLANCO,15400,True,5.8,False,2025-02-18 11:16:36.017296,11654998,MAZDA,1,2017,C. MIRO MOTOR,True,Cataluña
Outlander PHEV Kaiteki+ 4WD,Madrid,31407,Híbrido Enchufable,0 EMISIONES,18.0,True,Todo Terreno,5.0,224.0,5,OTROS,27890,True,1.8,False,2025-02-18 11:16:42.246511,14853373,MITSUBISHI,8,2019,CONQUERO OCASION MADRID,True,Comunidad de Madrid
Serie 2 M235iA xDrive Gran Coupé,Granada,30000,Gasolina,C,12.0,True,Coupe,5.0,306.0,4,NEGRO,39990,True,6.3,False,2025-02-18 11:16:49.810956,15377387,BMW,11,2020,FRAMACAR AUTOMOVILES,True,Andalucía
Fabia 1.0 TSI Like 70kW,Madrid,47761,Gasolina,C,12.0,False,Berlina,5.0,95.0,5,BLANCO,11990,True,4.6,False,2025-02-18 11:16:59.110655,15441776,SKODA,7,2020,CLICARS MADRID,True,Comunidad de Madrid
Serie 4 420dA Cabrio,Granada,29000,Diésel,ECO,24.0,True,Convertible,4.0,190.0,2,BLANCO,47490,True,4.2,False,2025-02-18 11:17:05.542826,15324940,BMW,4,2024,FRAMACAR AUTOMOVILES,True,Andalucía
Ibiza 1.0 TSI S&S FR XS 110,Madrid,6890,Gasolina,C,12.0,False,Berlina,5.0,110.0,5,BLANCO,16990,True,,False,2025-02-18 11:17:10.906833,15425082,SEAT,11,2023,CLICARS MADRID,True,Comunidad de Madrid
Captur TCe GPF Micro Híbrido Zen EDC 103kW,Madrid,61344,Gasolina,ECO,12.0,True,Todo Terreno,5.0,140.0,5,AZUL,19990,True,,False,2025-02-18 11:17:17.792677,15441774,RENAULT,5,2022,CLICARS MADRID,True,Comunidad de Madrid
Ibiza 1.6TDI CR S&S Reference 95,Madrid,137970,Diésel,C,12.0,False,Berlina,5.0,95.0,5,BLANCO,11690,True,3.7,False,2025-02-18 11:17:24.683532,15441775,SEAT,4,2019,CLICARS MADRID,True,Comunidad de Madrid
Kona EV Tecno 100kW,Madrid,87709,Eléctrico,0 EMISIONES,12.0,True,Todo Terreno,5.0,136.0,5,AZUL,17990,True,,False,2025-02-18 11:17:48.750073,15390505,HYUNDAI,12,2018,CLICARS MADRID,True,Comunidad de Madrid
C3 Aircross BlueHDi S&S You 110,Madrid,17894,Diésel,C,12.0,False,Todo Terreno,5.0,110.0,5,BLANCO,15990,True,,False,2025-02-18 11:17:54.728123,15399537,CITROEN,3,2024,CLICARS MADRID,True,Comunidad de Madrid
A3 Sportback 35TDI Black line,Madrid,63135,Diésel,C,12.0,False,Berlina,5.0,150.0,5,GRIS,28990,True,,False,2025-02-18 11:18:00.638511,15416657,AUDI,2,2022,CLICARS MADRID,True,Comunidad de Madrid
500 1.0 Hybrid Monotrim 52kW,Madrid,23174,Gasolina,ECO,12.0,False,Berlina,4.0,70.0,3,AZUL,10990,True,,False,2025-02-18 11:18:06.161095,15424985,FIAT,5,2023,CLICARS MADRID,True,Comunidad de Madrid
Tucson 1.7CRDI BD Essence 4x2,Madrid,137198,Diésel,C,12.0,False,Todo Terreno,5.0,115.0,5,AZUL,14690,True,4.6,False,2025-02-18 11:18:12.355705,15437869,HYUNDAI,1,2017,CLICARS MADRID,True,Comunidad de Madrid
C3 Aircross Puretech S&S Feel 110,Madrid,81401,Gasolina,C,12.0,False,Todo Terreno,5.0,110.0,5,OTROS,11490,True,5.0,False,2025-02-18 11:18:18.328814,15427655,CITROEN,2,2020,CLICARS MADRID,True,Comunidad de Madrid
C3 Origin 1.2 PureTech S&S Plus 83,Madrid,7400,Gasolina,C,12.0,False,Berlina,5.0,83.0,5,GRIS,13490,True,,False,2025-02-18 11:18:24.816190,15429747,CITROEN,4,2024,CLICARS MADRID,True,Comunidad de Madrid
Tucson 1.6 TGDI 48V Maxx 4x2,Madrid,85139,Gasolina,ECO,12.0,False,Todo Terreno,5.0,150.0,5,BLANCO,20890,True,,False,2025-02-18 11:18:30.362768,15429791,HYUNDAI,5,2022,CLICARS MADRID,True,Comunidad de Madrid
C4 1.5 BlueHDI S&S Feel Pack EAT8 130,Madrid,160239,Diésel,C,12.0,True,Berlina,5.0,130.0,5,BLANCO,14990,True,3.4,False,2025-02-18 11:18:36.186685,15348423,CITROEN,2,2021,CLICARS MADRID,True,Comunidad de Madrid
500 1.0 Hybrid Monotrim 52kW,Madrid,18308,Gasolina,ECO,12.0,False,Berlina,4.0,70.0,3,AZUL,11290,True,,False,2025-02-18 11:18:42.129465,15348427,FIAT,5,2023,CLICARS MADRID,True,Comunidad de Madrid
C4 Picasso 1.2 PureTech S&S Live Edition,Madrid,60375,Gasolina,C,12.0,False,Monovolumen,5.0,130.0,5,ROJO,10390,True,5.0,False,2025-02-18 11:18:48.755920,15377607,CITROEN,3,2016,CLICARS MADRID,True,Comunidad de Madrid
Ioniq PHEV 1.6 GDI Tecno,Madrid,106606,Diésel,,12.0,False,Berlina,,141.0,5,AZUL,16990,True,,False,2025-02-18 11:18:56.477227,15400979,HYUNDAI,12,2019,CLICARS MADRID,True,Comunidad de Madrid
Tucson 1.6 TGDI 48V Tecno Sky 4x2,Madrid,13554,Gasolina,ECO,12.0,False,Todo Terreno,5.0,150.0,5,AZUL,27490,True,,False,2025-02-18 11:19:02.674932,15402371,HYUNDAI,3,2023,CLICARS MADRID,True,Comunidad de Madrid
Q3 35 TDI Advanced S tronic 110kW,Madrid,121275,Diésel,C,12.0,True,Todo Terreno,5.0,150.0,5,GRIS,25490,True,,False,2025-02-18 11:19:08.702478,15407183,AUDI,12,2019,CLICARS MADRID,True,Comunidad de Madrid
C4 X 1.2 PureTech Plus S&S EAT8 130,Madrid,23772,Gasolina,C,12.0,True,Berlina,5.0,130.0,4,GRIS,17490,True,,False,2025-02-18 11:19:15.140868,15408943,CITROEN,2,2024,CLICARS MADRID,True,Comunidad de Madrid
Auris Touring Sports hybrid 140H Active,Madrid,102012,Híbrido,ECO,12.0,True,Familiar,5.0,136.0,5,AZUL,13690,True,4.2,False,2025-02-18 11:19:20.576153,15441790,TOYOTA,2,2016,CLICARS MADRID,True,Comunidad de Madrid
Ibiza 1.0 MPI Evo S&S Reference 80,Madrid,48150,Gasolina,C,12.0,False,Berlina,5.0,80.0,5,BLANCO,13490,True,,False,2025-02-18 11:19:53.061316,15366108,SEAT,11,2021,CLICARS MADRID,True,Comunidad de Madrid
Kadjar 1.5dCi Blue Intens 85kW,Madrid,137842,Diésel,C,12.0,False,Todo Terreno,5.0,115.0,5,NEGRO,15990,True,4.3,False,2025-02-18 11:19:59.837182,15377676,RENAULT,8,2020,CLICARS MADRID,True,Comunidad de Madrid
C-HR 125H Active,Madrid,109273,Híbrido,ECO,12.0,True,Todo Terreno,5.0,122.0,5,GRIS,20290,True,,False,2025-02-18 11:20:05.478459,15377692,TOYOTA,2,2021,CLICARS MADRID,True,Comunidad de Madrid
Mégane 1.2 TCe Energy Tech Road 74kW,Madrid,76068,Gasolina,C,12.0,False,Berlina,5.0,100.0,5,NEGRO,13990,True,5.4,False,2025-02-18 11:20:11.318195,15404412,RENAULT,6,2018,CLICARS MADRID,True,Comunidad de Madrid
Espace Blue dCi Initiale Paris EDC 139kW,Madrid,44318,Diésel,C,12.0,True,Monovolumen,5.0,190.0,5,BLANCO,33990,True,5.5,False,2025-02-18 11:20:18.357240,15425044,RENAULT,8,2021,CLICARS MADRID,True,Comunidad de Madrid
Golf GTE 1.4 TSI,Madrid,99845,Híbrido Enchufable,0 EMISIONES,12.0,True,Berlina,5.0,204.0,5,BLANCO,20990,True,1.6,False,2025-02-18 11:20:24.340065,15425084,VOLKSWAGEN,8,2020,CLICARS MADRID,True,Comunidad de Madrid
Arona 1.0 TSI S&S FR DSG7 XM 110,Madrid,12808,Gasolina,C,12.0,True,Todo Terreno,5.0,110.0,5,BLANCO,20990,True,,False,2025-02-18 11:20:30.790078,15437916,SEAT,9,2023,CLICARS MADRID,True,Comunidad de Madrid
Ibiza 1.0 TSI S&S FR XS 110,Madrid,14673,Gasolina,C,12.0,False,Berlina,5.0,110.0,5,GRIS,16590,True,,False,2025-02-18 11:20:36.731689,15438248,SEAT,11,2023,CLICARS MADRID,True,Comunidad de Madrid
A3 Sportback 35TDI Black line,Madrid,59940,Diésel,C,12.0,False,Berlina,5.0,150.0,5,GRIS,29290,True,,False,2025-02-18 11:20:42.624026,15365502,AUDI,3,2022,CLICARS MADRID,True,Comunidad de Madrid
5008 SUV 1.2 PureTech S&S Allure 130,Madrid,95968,Gasolina,C,12.0,False,Todo Terreno,7.0,130.0,5,AZUL,16990,True,5.2,False,2025-02-18 11:20:47.733357,15440814,PEUGEOT,6,2019,CLICARS MADRID,True,Comunidad de Madrid
Clase GLC 200d 4Matic 9G-Tronic,Madrid,103811,Diésel,C,12.0,True,Todo Terreno,5.0,163.0,5,GRIS,34990,True,5.2,False,2025-02-18 11:20:54.126023,15422462,MERCEDES-BENZ,11,2020,CLICARS MADRID,True,Comunidad de Madrid
2008 1.2 PureTech S&S Allure 100,Madrid,10652,Gasolina,C,12.0,False,Todo Terreno,5.0,100.0,5,AZUL,17490,True,,False,2025-02-18 11:21:00.604355,15422482,PEUGEOT,4,2024,CLICARS MADRID,True,Comunidad de Madrid
208 1.2 Puretech S&S Allure 100,Madrid,7968,Gasolina,C,12.0,False,Berlina,5.0,100.0,5,BLANCO,15290,True,,False,2025-02-18 11:21:07.446474,15422870,PEUGEOT,7,2024,CLICARS MADRID,True,Comunidad de Madrid
i10 1.0 Tecno Blue,Madrid,94552,Gasolina,C,12.0,False,Berlina,5.0,66.0,5,AZUL,7690,True,4.7,False,2025-02-18 11:21:14.341077,15414034,HYUNDAI,4,2014,CLICARS MADRID,True,Comunidad de Madrid
Cayenne E-Hybrid Coupé Aut.,Madrid,55376,Híbrido Enchufable,0 EMISIONES,12.0,True,Coupe,5.0,462.0,5,AZUL,76490,True,3.1,False,2025-02-18 11:21:20.756140,15370550,PORSCHE,12,2019,CLICARS MADRID,True,Comunidad de Madrid
2008 1.2 PureTech S&S Allure 100,Madrid,24708,Gasolina,C,12.0,False,Todo Terreno,5.0,100.0,5,GRIS,17490,True,,False,2025-02-18 11:21:26.365831,15395590,PEUGEOT,3,2024,CLICARS MADRID,True,Comunidad de Madrid
Niro 1.6 HEV Drive 141,Madrid,39055,Híbrido,ECO,12.0,True,Todo Terreno,5.0,141.0,5,BLANCO,25490,True,,False,2025-02-18 11:21:51.371745,15338080,KIA,1,2024,CLICARS MADRID,True,Comunidad de Madrid
Qashqai 1.3 DIG-T mHEV 12V Acenta 4x2 103kW,Madrid,58462,Gasolina,ECO,12.0,False,Todo Terreno,5.0,140.0,5,ROJO,20990,True,,False,2025-02-18 11:21:56.856995,15346284,NISSAN,9,2022,CLICARS MADRID,True,Comunidad de Madrid
408 PureTech 130 Allure EAT8,Madrid,22767,Gasolina,C,12.0,True,Berlina,5.0,130.0,5,AZUL,23990,True,,False,2025-02-18 11:22:04.006658,15364432,PEUGEOT,2,2024,CLICARS MADRID,True,Comunidad de Madrid
500 1.0 Hybrid Monotrim 52kW,Madrid,13931,Gasolina,ECO,12.0,False,Berlina,4.0,70.0,3,NEGRO,11790,True,,False,2025-02-18 11:22:09.927708,15401528,FIAT,4,2024,CLICARS MADRID,True,Comunidad de Madrid
i3 120Ah,Madrid,25910,Eléctrico,0 EMISIONES,12.0,True,Monovolumen,4.0,170.0,5,BLANCO,22590,True,,False,2025-02-18 11:22:16.555922,15407184,BMW,3,2022,CLICARS MADRID,True,Comunidad de Madrid
Kuga 1.5 EcoBoost ST-Line FWD 150,Madrid,53567,Gasolina,C,12.0,False,Todo Terreno,5.0,150.0,5,AZUL,19990,True,5.5,False,2025-02-18 11:22:24.378373,15437868,FORD,7,2022,CLICARS MADRID,True,Comunidad de Madrid
A3 Sportback 30 TFSI S line S tronic,Madrid,39932,Gasolina,ECO,12.0,True,Berlina,5.0,110.0,5,NEGRO,26990,True,,False,2025-02-18 11:23:22.718035,15440120,AUDI,4,2023,CLICARS MADRID,True,Comunidad de Madrid
500 1.0 GSE Lounge,Madrid,80265,Gasolina,ECO,12.0,False,Berlina,4.0,70.0,3,GRIS,10490,True,4.7,False,2025-02-18 11:23:28.853148,15440792,FIAT,2,2020,CLICARS MADRID,True,Comunidad de Madrid
Clio 1.0 TCe 100cv GLP Business,Madrid,145000,Híbrido,ECO,18.0,False,Berlina,,100.0,5,BLANCO,9900,True,,False,2025-02-18 11:24:05.554901,15441842,RENAULT,10,2020,"PINIAUTO MOTOR, S.L (VALDEMORO)",True,Comunidad de Madrid
Ioniq HEV 1.6 GDI Klass,Madrid,98000,Híbrido,ECO,18.0,True,Berlina,5.0,141.0,5,BLANCO,17900,True,3.4,False,2025-02-18 11:24:12.940445,15058932,HYUNDAI,5,2020,"PINIAUTO MOTOR, S.L (VALDEMORO)",True,Comunidad de Madrid
T-Roc 1.6TDI Advance Style,Sevilla,78000,Diésel,C,12.0,False,Todo Terreno,5.0,115.0,5,BLANCO,20750,True,4.2,False,2025-02-18 11:24:19.840608,15441517,VOLKSWAGEN,4,2020,HIPERAUTO CORIA,True,Andalucía
X5 xDrive 50e xLine M Sport Pro,Barcelona,4100,Híbrido Enchufable,0 EMISIONES,36.0,True,Todo Terreno,5.0,489.0,5,GRIS,99500,True,,True,2025-02-18 11:24:26.508846,15441834,BMW,1,2025,DRIVER CARS BCN,True,Cataluña
Qashqai 1.5dCi N-Connecta 4x2 85kW,Sevilla,97000,Diésel,C,12.0,False,Todo Terreno,5.0,115.0,5,NEGRO,19350,True,3.9,False,2025-02-18 11:24:33.374050,15441483,NISSAN,10,2020,HIPERAUTO CORIA,True,Andalucía
A3 Sportback 35TDI Genuine S tronic,Girona,34398,Diésel,C,24.0,True,Berlina,5.0,150.0,5,NEGRO,32500,True,,False,2025-02-18 11:24:39.741964,15440695,AUDI,3,2023,AUDI SELECTION PLUS,True,Cataluña
A5 Sportback 40 TDI Black Limited quattro-ultra S tronic,Girona,32005,Diésel,ECO,24.0,True,Berlina,5.0,204.0,5,BLANCO,56500,True,,False,2025-02-18 11:24:45.581818,15427475,AUDI,10,2023,AUDI SELECTION PLUS,True,Cataluña
Q2 35 TDI Black line edition S tronic 110kW,Girona,4960,Diésel,C,24.0,True,Todo Terreno,5.0,150.0,5,BLANCO,39900,True,,False,2025-02-18 11:24:52.692522,15139472,AUDI,8,2024,AUDI SELECTION PLUS,True,Cataluña
Q3 Sportback 35 TDI S line,Sevilla,76000,Diésel,C,12.0,False,Todo Terreno,5.0,150.0,5,OTROS,32900,True,,False,2025-02-18 11:24:58.361996,15377601,AUDI,1,2021,HIPERAUTO CORIA,True,Andalucía
Zafira 1.9CDTi Enjoy 120,Madrid,380000,Diésel,B,18.0,False,Monovolumen,7.0,120.0,5,GRIS,2499,True,6.1,False,2025-02-18 11:25:03.974444,15438137,OPEL,1,2006,FACIL CAR,True,Comunidad de Madrid
Avenger 1.2 Altitude 100,Sevilla,19000,Gasolina,C,12.0,False,Todo Terreno,5.0,100.0,5,GRIS,21500,True,,False,2025-02-18 11:25:10.508622,15408204,JEEP,5,2024,HIPERAUTO CORIA,True,Andalucía
Tucson 1.6 CRDI 48V Maxx 4x2,Sevilla,79000,Diésel,ECO,12.0,False,Todo Terreno,5.0,136.0,5,BLANCO,23350,True,,False,2025-02-18 11:25:17.390040,15408212,HYUNDAI,1,2022,HIPERAUTO CORIA,True,Andalucía
Range Rover Evoque 1.5 I3 MHEV SE FWD Aut. 160,Alicante,49100,Gasolina,ECO,12.0,True,Todo Terreno,5.0,160.0,5,GRIS,34750,True,6.8,False,2025-02-18 11:25:24.252812,15253552,LAND-ROVER,7,2021,SRK AUTOS,True,Comunidad Valenciana
Arona 1.0 TGI 66KW 90CV XPERIENCE PLUS,Málaga,122000,Gas,ECO,12.0,False,"4x4, SUV o pickup",,90.0,5,NEGRO,15990,True,,False,2025-02-18 11:25:31.635525,15441833,SEAT,11,2021,AUTOMOTOR VELEZ,True,Andalucía
5 1.6 TGDI (14CV) Premium MY2,Madrid,1884,Gasolina,C,18.0,True,"4x4, SUV o pickup",,147.0,5,GRIS,25500,True,,False,2025-02-18 11:25:37.712698,15406668,OMODA,11,2024,Buyndrive - Coslada,True,Comunidad de Madrid
5 1.6 Premium 185,Madrid,715,Gasolina,C,84.0,True,Todo Terreno,5.0,185.0,5,NEGRO,26900,True,,False,2025-02-18 11:25:44.364275,14832486,OMODA,10,2024,Buyndrive - Coslada,True,Comunidad de Madrid
Clio TCe Zen 67kW,Cádiz,32555,Gasolina,C,12.0,False,Berlina,5.0,90.0,5,GRIS,15900,True,,False,2025-02-18 11:26:09.269782,15441855,RENAULT,5,2021,MOTOR ARCOS,True,Andalucía
308 1.2 PureTech Access 82,Madrid,27019,Gasolina,C,12.0,False,Berlina,5.0,82.0,5,BLANCO,9790,True,5.0,False,2025-02-18 11:26:14.840117,15410582,PEUGEOT,1,2017,CLICARS MADRID,True,Comunidad de Madrid
Serie 2 Active Tourer 216d Business,Madrid,119500,Diésel,,12.0,True,Familiar,,116.0,5,NEGRO,16450,True,,False,2025-02-18 11:26:20.990393,15424626,BMW,2,2018,AUTOHOME,True,Comunidad de Madrid
Serie 3 320dA Luxury,Madrid,243000,Diésel,B,12.0,True,Berlina,5.0,184.0,4,OTROS,13450,True,4.4,False,2025-02-18 11:26:26.347814,13078153,BMW,8,2012,AUTOHOME,True,Comunidad de Madrid
Mégane 1.5dCi Dynamique 110,Zaragoza,139000,Diésel,B,12.0,False,Berlina,5.0,110.0,5,BLANCO,7970,True,4.4,False,2025-02-18 11:26:33.243436,13085788,RENAULT,3,2012,Mf Automocion S.L.,True,Aragón
Golf 2.0TDI CR BMT Sport 4Motion 150,Zaragoza,153000,Diésel,C,18.0,False,Berlina,5.0,150.0,5,NEGRO,15340,True,4.7,False,2025-02-18 11:26:38.663737,15440670,VOLKSWAGEN,6,2015,Mf Automocion S.L.,True,Aragón
Rifter Active Pack Std BlueHDi 100CV (N1),Ávila,10,Diésel,,18.0,False,Pequeño,,100.0,5,BLANCO,24900,True,,False,2025-02-18 11:26:43.885620,14852984,PEUGEOT,10,2024,GRUPO SAUGAR,True,Castilla y León
Rafale 1.2 E-Tech Híbrido Esprit Alpine 147kW,Ávila,4510,Híbrido,ECO,18.0,True,Todo Terreno,5.0,200.0,5,AZUL,52900,True,,False,2025-02-18 11:26:51.025484,15371484,RENAULT,5,2024,GRUPO SAUGAR,True,Castilla y León
Symbioz E-TECH Full Hybrid Esprit Alpine 105kW,Ávila,150,Híbrido,ECO,18.0,True,Todo Terreno,5.0,145.0,5,GRIS,37900,True,,False,2025-02-18 11:26:56.946417,14712832,RENAULT,6,2024,GRUPO SAUGAR,True,Castilla y León
Duster 1.2 TCe Extreme 4x2 96kW 48v,Ávila,390,Gasolina,ECO,18.0,False,Todo Terreno,5.0,130.0,5,OTROS,26900,True,,False,2025-02-18 11:27:03.914569,14712750,DACIA,6,2024,GRUPO SAUGAR,True,Castilla y León
308 SW GT Plug-in-hybrid 180CV eEAT8,Ávila,4,Híbrido,ECO,18.0,True,Familiar,,180.0,5,AZUL,41900,True,,False,2025-02-18 11:27:08.738074,14712762,PEUGEOT,3,2024,GRUPO SAUGAR,True,Castilla y León
308 1.6 Hybrid Active Pack EAT8 180,Ávila,4,Híbrido Enchufable,0 EMISIONES,18.0,True,Berlina,5.0,180.0,5,BLANCO,34990,True,,False,2025-02-18 11:27:15.738643,14712766,PEUGEOT,5,2024,GRUPO SAUGAR,True,Castilla y León
Qashqai E-POWER N-Design 4x2 140kW,Ávila,1100,Gasolina,ECO,18.0,True,Todo Terreno,5.0,190.0,5,GRIS,42950,True,,True,2025-02-18 11:27:20.849925,14712786,NISSAN,7,2024,GRUPO SAUGAR,True,Castilla y León
Espace Blue dCi Techno EDC 139kW,Ávila,150,Diésel,C,18.0,True,Monovolumen,5.0,190.0,5,NEGRO,47750,True,5.5,False,2025-02-18 11:27:27.174077,14712809,RENAULT,1,2024,GRUPO SAUGAR,True,Castilla y León
Rafale 1.2 E-Tech Híbrido Esprit Alpine 147kW,Ávila,45,Híbrido,ECO,18.0,True,Todo Terreno,5.0,200.0,5,GRIS,50990,True,,False,2025-02-18 11:27:34.107659,14712817,RENAULT,5,2024,GRUPO SAUGAR,True,Castilla y León
Scenic E-Tech Iconic Gran Autonomía 160kW,Ávila,40,Eléctrico,0 EMISIONES,18.0,True,Todo Terreno,5.0,217.0,5,BLANCO,54900,True,,False,2025-02-18 11:27:41.413592,14712825,RENAULT,5,2024,GRUPO SAUGAR,True,Castilla y León
Mondeo SB 2.0TDCI Titanium PowerShift 150,Madrid,150392,Diésel,C,12.0,True,Familiar,5.0,150.0,5,GRIS,14690,True,4.9,False,2025-02-18 11:28:13.419524,15325101,FORD,9,2018,CLICARS MADRID,True,Comunidad de Madrid
7 Crossback E-Tense Rivoli Aut. 4x2,Madrid,22388,Híbrido Enchufable,0 EMISIONES,12.0,True,Todo Terreno,5.0,225.0,5,AZUL,38750,True,,False,2025-02-18 11:28:18.836593,15441803,DS,2,2023,YAMOVIL,True,Comunidad de Madrid
Clase A 200 d Compacto,Navarra,20110,Diésel,C,36.0,True,,,150.0,5,OTROS,39900,True,,True,2025-02-18 11:28:24.306100,14764356,MERCEDES-BENZ,4,2023,GAZPI MERCEDES-BENZ,True,Navarra
Clase A 250 e AMG Line (EURO 6d),Navarra,76200,Diésel,C,24.0,True,Pequeño,,160.0,5,OTROS,29990,True,,True,2025-02-18 11:28:31.654781,14875830,MERCEDES-BENZ,4,2020,GAZPI MERCEDES-BENZ,True,Navarra
5008 SUV 1.5BlueHDi S&S Allure 130,Madrid,80120,Diésel,C,12.0,False,Todo Terreno,7.0,130.0,5,BLANCO,19490,True,4.0,False,2025-02-18 11:28:38.634857,15153710,PEUGEOT,10,2021,CLICARS MADRID,True,Comunidad de Madrid
ID.3 Style,Madrid,84241,Eléctrico,0 EMISIONES,12.0,True,Berlina,4.0,204.0,5,NEGRO,18990,True,,False,2025-02-18 11:28:51.136084,15437930,VOLKSWAGEN,12,2020,CLICARS MADRID,True,Comunidad de Madrid
Q2 35 TDI Adrenalin quattro S tronic 110kW,Zaragoza,9,Diésel,C,24.0,True,Todo Terreno,5.0,150.0,5,NEGRO,42500,True,,True,2025-02-18 11:28:58.127705,15441778,AUDI,10,2024,AUDI CENTER ZARAGOZA,True,Aragón
A3 Sportback 40 TFSIe Advanced S tronic,Madrid,22798,Híbrido Enchufable,0 EMISIONES,12.0,True,Berlina,5.0,204.0,5,NEGRO,27490,True,,False,2025-02-18 11:29:03.668445,15414013,AUDI,6,2022,CLICARS MADRID,True,Comunidad de Madrid
Countryman COOPER S E ALL4,Madrid,97500,Híbrido Enchufable,0 EMISIONES,12.0,True,Todo Terreno,5.0,224.0,5,OTROS,22500,True,2.1,False,2025-02-18 11:29:10.565682,15441859,MINI,5,2020,IGL MOTOR,True,Comunidad de Madrid
Corsa 1.3CDTI Business75,Madrid,109908,Diésel,C,12.0,False,Berlina,5.0,75.0,5,BLANCO,8990,True,3.8,False,2025-02-18 11:29:15.881186,15329792,OPEL,8,2018,CLICARS MADRID,True,Comunidad de Madrid
Sportage 1.6 CRDi Concept 4x2 115,Granada,53718,Diésel,C,18.0,False,Todo Terreno,5.0,115.0,5,OTROS,19890,True,4.9,False,2025-02-18 11:29:22.383182,15403377,KIA,3,2020,GARAJE MOTOR,True,Andalucía
Golf 1.5 TSI Evo Sport DSG7 110kW,Madrid,143370,Gasolina,C,12.0,True,Berlina,5.0,150.0,5,BLANCO,16590,True,5.0,False,2025-02-18 11:29:27.241910,15334481,VOLKSWAGEN,4,2018,CLICARS MADRID,True,Comunidad de Madrid
Tiguan 2.0TSI R-Line 200,Toledo,218600,Gasolina,C,12.0,False,Todo Terreno,5.0,200.0,5,BLANCO,9900,True,8.9,False,2025-02-18 11:29:34.309769,15441860,VOLKSWAGEN,9,2009,FAN MOTOR,True,Castilla-La Mancha
Tiguan 1.5 TSI Advance DSG 110kW,Barcelona,38000,Gasolina,C,12.0,True,Todo Terreno,5.0,150.0,5,GRIS,28400,True,5.6,False,2025-02-18 11:29:40.591880,15441861,VOLKSWAGEN,1,2020,AUTOMOBILS GIL-CAR,True,Cataluña
E-Pace 2.0D I4 S AWD Aut. 150,Madrid,88186,Diésel,C,12.0,True,Todo Terreno,5.0,150.0,5,ROJO,25990,True,6.0,False,2025-02-18 11:29:45.775793,13069542,JAGUAR,1,2019,CLICARS MADRID,True,Comunidad de Madrid
HS eHS 1.5 T-GDI Luxury,Madrid,55176,Híbrido Enchufable,0 EMISIONES,12.0,True,Todo Terreno,5.0,162.0,5,GRIS,24690,True,,False,2025-02-18 11:30:13.524473,15440134,MG,4,2023,CLICARS MADRID,True,Comunidad de Madrid
Clase C 220 d Berlina,Valencia,20837,Diésel,,24.0,True,Berlina,5.0,200.0,4,GRIS,45900,True,,True,2025-02-18 11:32:24.361968,15403062,MERCEDES-BENZ,3,2024,Valdisa Automotor10 Grupo Angal,True,Comunidad Valenciana
Clase C 220 d,Valencia,18286,Diésel,,24.0,True,Berlina,5.0,200.0,4,GRIS,48500,True,,True,2025-02-18 11:32:29.906816,15325018,MERCEDES-BENZ,2,2024,Valdisa Automotor10 Grupo Angal,True,Comunidad Valenciana
Serie 3 M3,Barcelona,260000,Gasolina,B,18.0,False,Coupe,5.0,343.0,2,GRIS,29990,True,11.9,False,2025-02-18 11:32:36.342787,15275762,BMW,4,2001,GARAGE CLASSIC CARS,True,Cataluña
F-Pace 2.0i4D Portfolio Aut. AWD 180,Lugo,127260,Diésel,C,12.0,True,Todo Terreno,5.0,180.0,5,BLANCO,19900,True,5.3,False,2025-02-18 11:32:44.474581,15391148,JAGUAR,10,2017,DITRAMOTOR S.L.,True,Galicia
K3 70kW,Sevilla,1,Eléctrico,0 EMISIONES,96.0,True,Todo Terreno,5.0,95.0,5,BLANCO,23990,True,,False,2025-02-18 11:32:50.218835,15441782,YOOUDOOO,2,2025,AUTO BOSS,True,Andalucía
Clase CLA 180,Lugo,12640,Gasolina,C,36.0,True,Berlina,5.0,136.0,4,AZUL,36900,True,,True,2025-02-18 11:33:00.210711,14851410,MERCEDES-BENZ,3,2023,DITRAM AUTOMOCION MERCEDES-BENZ,True,Galicia
Aygo 1.0 70 X-PLAY CONNECT,Madrid,20000,Gasolina,C,18.0,False,Berlina,,,5,OTROS,10500,True,,True,2025-02-18 11:33:05.362482,7138626,TOYOTA,2,2021,TOYOTA KURUMA OCASIÓN Y SEMINUEVOS PLUS,True,Comunidad de Madrid
Corolla 125H Active Tech,Madrid,60000,Híbrido,ECO,24.0,True,Berlina,5.0,122.0,5,ROJO,21490,True,,True,2025-02-18 11:33:12.216027,15197974,TOYOTA,11,2020,TOYOTA KURUMA OCASIÓN Y SEMINUEVOS PLUS,True,Comunidad de Madrid
Range Rover Evoque 1.5 I3 PHEV Dynamic SE AWD Auto,Barcelona,4900,Híbrido Enchufable,0 EMISIONES,60.0,True,Todo Terreno,5.0,309.0,5,OTROS,68900,True,,False,2025-02-18 11:33:19.911590,12683683,LAND-ROVER,1,2024,QUADIS Landmotors,True,Cataluña
Berlingo M1 Berlina Manual de 3 Puertas,Vizcaya,164800,Diésel,,12.0,False,Berlina,,100.0,3,BLANCO,7900,True,,False,2025-02-18 11:33:27.185309,15441785,CITROEN,3,2018,MARKINA MOTOR CB,True,País Vasco
Discovery 3.0D I6 R-Dynamic S Aut. 300,Barcelona,10658,Diésel,ECO,24.0,True,Todo Terreno,5.0,300.0,5,GRIS,79900,True,7.3,False,2025-02-18 11:33:34.241251,15377363,LAND-ROVER,3,2024,QUADIS Landmotors,True,Cataluña
i10 1.0 MPI Tecno,Alicante,45081,Gasolina,C,18.0,False,Berlina,5.0,66.0,5,GRIS,10900,True,4.4,False,2025-02-18 11:33:40.932042,15441848,HYUNDAI,2,2019,WALLSCAR MULTIMARCA GRUPO PAREDES AUTOMOCION,True,Comunidad Valenciana
Kuga 1.5 EcoBoost ST-Line X FWD 150,Cádiz,16700,Gasolina,C,18.0,False,Todo Terreno,5.0,150.0,5,NEGRO,30990,True,5.5,True,2025-02-18 11:33:47.387007,12458496,FORD,1,2023,"Motores Cádiz, concesionario oficial Ford",True,Andalucía
X1 sDrive 18dA,Alicante,87636,Diésel,C,18.0,True,Todo Terreno,5.0,150.0,5,BLANCO,21900,True,4.3,False,2025-02-18 11:33:54.496249,15441847,BMW,12,2016,WALLSCAR MULTIMARCA GRUPO PAREDES AUTOMOCION,True,Comunidad Valenciana
500 1.2 Lounge,Alicante,85121,Gasolina,C,18.0,False,Berlina,4.0,69.0,3,NEGRO,9300,True,5.1,False,2025-02-18 11:34:00.813255,15441846,FIAT,5,2016,WALLSCAR MULTIMARCA GRUPO PAREDES AUTOMOCION,True,Comunidad Valenciana
Q2 30 TFSI S line 81kW,Madrid,27500,Gasolina,C,12.0,False,Todo Terreno,5.0,110.0,5,NEGRO,28990,True,,False,2025-02-18 11:34:08.106510,15251283,AUDI,3,2023,CARPLUS PARLA,True,Comunidad de Madrid
T-Roc 1.0 TSI Más 85kW,Valencia,1,Gasolina,C,36.0,False,Todo Terreno,5.0,115.0,5,OTROS,26868,True,,False,2025-02-18 11:34:43.797160,15361000,VOLKSWAGEN,2,2025,COMERCIAL ANACA,True,Comunidad Valenciana
Q3 Sportback 35 TFSI S line S tronic,Valencia,1,Gasolina,ECO,36.0,True,Todo Terreno,5.0,150.0,5,OTROS,47430,True,,False,2025-02-18 11:34:51.118276,15371122,AUDI,2,2025,COMERCIAL ANACA,True,Comunidad Valenciana
C3 Aircross Puretech S&S Shine 110,La Rioja,57658,Gasolina,C,18.0,False,Todo Terreno,5.0,110.0,5,OTROS,13500,True,5.0,False,2025-02-18 11:34:57.064218,14136981,CITROEN,10,2019,AUTOMOVILES EDUARDO.,True,La Rioja
Taigo 1.0 TSI Más 85kW,Valencia,1,Gasolina,C,36.0,False,Todo Terreno,5.0,115.0,5,GRIS,22714,True,,False,2025-02-18 11:35:03.540045,15364936,VOLKSWAGEN,2,2025,COMERCIAL ANACA,True,Comunidad Valenciana
Q3 Sportback 35 TDI Black line S tronic,Valencia,1,Diésel,C,36.0,True,Todo Terreno,5.0,150.0,5,NEGRO,48613,True,4.7,False,2025-02-18 11:35:11.734086,15199874,AUDI,1,2025,COMERCIAL ANACA,True,Comunidad Valenciana
Superb Combi 1.6TDI Active DSG 88kW,Sevilla,99000,Diésel,C,12.0,True,Familiar,5.0,120.0,5,AZUL,20990,True,4.2,False,2025-02-18 11:36:49.179700,15318913,SKODA,5,2020,AUTORACE,True,Andalucía
T-Roc 1.0 TSI Edition,Madrid,121749,Gasolina,C,12.0,False,Todo Terreno,5.0,115.0,5,BLANCO,16990,True,5.2,False,2025-02-18 11:36:56.200023,15425085,VOLKSWAGEN,12,2019,CLICARS MADRID,True,Comunidad de Madrid
Arteon Shooting Brake 2.0TDI Elegance DSG7 110kW,Madrid,144285,Diésel,C,12.0,True,Familiar,5.0,150.0,5,BLANCO,23490,True,,False,2025-02-18 11:37:04.179718,15371472,VOLKSWAGEN,9,2021,CLICARS MADRID,True,Comunidad de Madrid
2008 1.2 PureTech S&S Active 100,Barcelona,5,Gasolina,C,24.0,False,Todo Terreno,5.0,100.0,5,GRIS,21900,True,,True,2025-02-18 11:37:11.779609,15180072,PEUGEOT,7,2024,Eutrasa Mollet,True,Cataluña
Clase A 250 e,Madrid,78500,Híbrido,ECO,24.0,True,Berlina,,218.0,5,AZUL,27990,True,,True,2025-02-18 11:37:18.318589,15416197,MERCEDES-BENZ,12,2020,STAR MADRID,True,Comunidad de Madrid
Clase GLC 300 de 4MATIC,Madrid,69646,Híbrido,ECO,24.0,True,"4x4, SUV o pickup",,306.0,5,NEGRO,44990,True,,True,2025-02-18 11:37:25.065942,15377137,MERCEDES-BENZ,11,2020,STAR MADRID,True,Comunidad de Madrid
Clase C 200 d,Madrid,22564,Diésel,,36.0,True,Berlina,,163.0,4,AZUL,41990,True,,True,2025-02-18 11:37:31.501465,15143447,MERCEDES-BENZ,1,2023,STAR MADRID,True,Comunidad de Madrid
206 1.4 X-Line,Murcia,147635,Gasolina,B,6.0,False,Berlina,5.0,75.0,3,BLANCO,2490,True,6.5,False,2025-02-18 11:37:39.078035,15441872,PEUGEOT,1,2003,AUTOMOCION ADAMS,True,Región de Murcia
Clase CLA 250 e Shooting Brake,Madrid,29038,Híbrido,ECO,36.0,True,Familiar,,218.0,5,AZUL,39490,True,,True,2025-02-18 11:37:44.581555,15143459,MERCEDES-BENZ,3,2023,STAR MADRID,True,Comunidad de Madrid
Clase A 180CDI Aut.,Madrid,44008,Diésel,C,24.0,True,Berlina,5.0,109.0,5,OTROS,25790,True,5.2,True,2025-02-18 11:37:49.928716,15416199,MERCEDES-BENZ,12,2020,STAR MADRID,True,Comunidad de Madrid
Clase C 200 d,Madrid,80136,Diésel,,24.0,True,Berlina,,160.0,4,AZUL,28990,True,,True,2025-02-18 11:37:55.956649,15333614,MERCEDES-BENZ,12,2020,STAR MADRID,True,Comunidad de Madrid
Clase C 200 d,Madrid,109079,Diésel,,24.0,True,Berlina,,160.0,4,AZUL,27990,True,,True,2025-02-18 11:38:02.201907,14804039,MERCEDES-BENZ,11,2018,STAR MADRID,True,Comunidad de Madrid
Captur TCe Energy Intens 66kW,Badajoz,74000,Gasolina,C,12.0,False,Todo Terreno,5.0,90.0,5,OTROS,11500,True,5.1,False,2025-02-18 11:38:09.475135,15386695,RENAULT,6,2017,AUTOSERENA OCASION DE BADAJOZ,True,Extremadura
C4 Grand Spacetourer 1.5BlueHDI Shine EAT8 130,Madrid,48598,Diésel,C,12.0,True,Monovolumen,7.0,130.0,5,ROJO,20490,True,4.1,False,2025-02-18 11:38:15.011982,15404340,CITROEN,11,2019,CLICARS MADRID,True,Comunidad de Madrid
5 1.6 Premium 185,Madrid,10165,Gasolina,C,18.0,True,Todo Terreno,5.0,185.0,5,NEGRO,25500,True,,False,2025-02-18 11:38:22.062265,15441832,OMODA,7,2024,Buyndrive - Coslada,True,Comunidad de Madrid
5 1.6 Premium 185,Madrid,12512,Gasolina,C,18.0,True,Todo Terreno,5.0,185.0,5,GRIS,25500,True,,False,2025-02-18 11:38:28.450625,15441831,OMODA,7,2024,Buyndrive - Coslada,True,Comunidad de Madrid
Polo 1.0 TSI Advance 70kW,Málaga,96994,Gasolina,C,12.0,False,Berlina,5.0,95.0,5,BLANCO,14500,True,4.6,False,2025-02-18 11:39:03.606113,15441868,VOLKSWAGEN,12,2020,"CAMPOS (MIGUEL CAMPOS MOTOR, S.L.)",True,Andalucía
Qashqai Q+2 2.0 Acenta 4x2,Madrid,180000,Gasolina,C,12.0,False,Todo Terreno,7.0,140.0,5,GRIS,9900,True,8.0,False,2025-02-18 11:39:10.115318,15441910,NISSAN,9,2010,AutoDeal,True,Comunidad de Madrid
Serie 1 118dA Business,León,25711,Diésel,C,24.0,True,Berlina,5.0,150.0,5,GRIS,33900,True,4.2,True,2025-02-18 11:39:22.395735,15062440,BMW,3,2024,BMW BERNESGA MOTOR,True,Castilla y León
Mégane 1.5dCi Energy Limited 81kW,Madrid,81696,Diésel,C,18.0,False,Berlina,5.0,110.0,5,BLANCO,12999,True,3.7,False,2025-02-18 11:39:29.222072,15441909,RENAULT,6,2018,FT MOTOR,True,Comunidad de Madrid
Galaxy 2.0TDCi Trend 140,Madrid,172000,Diésel,C,18.0,False,Monovolumen,7.0,140.0,5,BLANCO,10999,True,6.0,False,2025-02-18 11:39:36.941681,15441908,FORD,10,2014,FT MOTOR,True,Comunidad de Madrid
Clase C 200CDI BE,Madrid,158260,Diésel,C,18.0,False,Berlina,5.0,136.0,4,BLANCO,15999,True,4.9,False,2025-02-18 11:39:44.072750,15392647,MERCEDES-BENZ,9,2016,FT MOTOR,True,Comunidad de Madrid
Clase CLA 200d AMG Line,Granada,99990,Diésel,C,12.0,False,Coupe,5.0,136.0,4,NEGRO,21499,True,4.4,False,2025-02-18 11:39:51.126028,14753841,MERCEDES-BENZ,8,2016,GARAJE MOTOR,True,Andalucía
Ibiza 1.0 TSI S&S Style 95,Segovia,97000,Gasolina,C,12.0,False,Berlina,5.0,95.0,5,BLANCO,14500,True,4.5,False,2025-02-18 11:39:57.693556,15189754,SEAT,7,2019,KM 100 SEGOVIA,True,Castilla y León
A6 55 TFSIe quattro-ultra Competition,Zamora,39000,Híbrido,ECO,18.0,True,Familiar,,367.0,5,GRIS,47900,True,,False,2025-02-18 11:40:03.092779,15441900,AUDI,10,2022,AUTOMOVILES AUZASA,True,Castilla y León
Q5 35 TDI S line quattro-ultra S tronic 120kW,Zamora,34000,Diésel,C,18.0,True,Todo Terreno,5.0,163.0,5,NEGRO,37800,True,5.4,False,2025-02-18 11:40:09.427935,15441899,AUDI,1,2020,AUTOMOVILES AUZASA,True,Castilla y León
Tiguan 1.5 TSI 150cv TSI ACT Sport BlueMotion,Zaragoza,61950,Gasolina,C,18.0,True,"4x4, SUV o pickup",,150.0,5,OTROS,29900,True,,False,2025-02-18 11:40:15.168164,15437971,VOLKSWAGEN,9,2019,Auto-Cadrete AUTO BARAT,True,Aragón
Formentor 1.4 e-Hybrid 204cv DSG,Zaragoza,27390,Híbrido,ECO,18.0,True,"4x4, SUV o pickup",,204.0,5,BLANCO,29900,True,,False,2025-02-18 11:40:20.662827,15437970,CUPRA,9,2021,Auto-Cadrete AUTO BARAT,True,Aragón
Corolla 125H Active Tech,Zaragoza,47652,Híbrido,ECO,18.0,True,Berlina,5.0,122.0,5,BLANCO,21400,True,,False,2025-02-18 11:40:25.539335,15406603,TOYOTA,4,2021,Auto-Cadrete AUTO BARAT,True,Aragón
C3 1.2 PureTech S&S Feel Pack 110,Madrid,39000,Gasolina,C,18.0,False,Berlina,5.0,110.0,5,GRIS,12990,True,4.6,False,2025-02-18 11:40:32.347107,15441895,CITROEN,3,2022,MuelasMotor,True,Comunidad de Madrid
Tourneo Connect 1.5TDCi Auto-S&S Active 100,Madrid,145000,Diésel,C,18.0,False,Monovolumen,5.0,100.0,5,BLANCO,10990,True,4.4,False,2025-02-18 11:40:37.759976,15441894,FORD,12,2020,MuelasMotor,True,Comunidad de Madrid
Model X 100D,Barcelona,130000,Eléctrico,0 EMISIONES,12.0,True,Todo Terreno,5.0,423.0,5,GRIS,37500,True,,False,2025-02-18 11:41:13.784176,14891504,TESLA,6,2017,TN AUTOSPORT,True,Cataluña
Swace 1.8L GLE,Badajoz,634,Híbrido,ECO,18.0,True,Familiar,5.0,122.0,5,GRIS,27900,True,,False,2025-02-18 11:41:21.466688,15441898,SUZUKI,9,2024,"MAVEN E HIJOS, concesionario oficial Ford",True,Extremadura
Clio 1.5dCi Energy Business 55kW,Segovia,128000,Diésel,C,12.0,False,Berlina,5.0,75.0,5,BLANCO,9900,True,3.6,False,2025-02-18 11:41:28.052153,15054105,RENAULT,7,2019,KM 100 SEGOVIA,True,Castilla y León
i10 1.0 MPI Klass,Badajoz,13164,Gasolina,C,18.0,False,Berlina,5.0,66.0,5,AZUL,12900,True,4.4,False,2025-02-18 11:41:34.988791,15441897,HYUNDAI,11,2020,"MAVEN E HIJOS, concesionario oficial Ford",True,Extremadura
S60 2.4 D5 Momentum 163 Aut.,Badajoz,319555,Diésel,B,18.0,True,Berlina,5.0,163.0,4,ROJO,6499,True,7.5,False,2025-02-18 11:41:42.609893,15441896,VOLVO,6,2007,"MAVEN E HIJOS, concesionario oficial Ford",True,Extremadura
X6 xDrive 40dA,Alicante,110000,Diésel,ECO,12.0,True,Coupe,5.0,340.0,5,NEGRO,61900,True,6.2,False,2025-02-18 11:41:49.435327,15441863,BMW,4,2020,AUTO SALON VILLANUEVA,True,Comunidad Valenciana
Arona 1.6TDI CR S&S Style 95,Segovia,118000,Diésel,C,12.0,False,Todo Terreno,5.0,95.0,5,GRIS,14800,True,4.0,False,2025-02-18 11:41:56.013560,15066252,SEAT,5,2021,KM 100 SEGOVIA,True,Castilla y León
XC40 B4 Plus Aut.,Barcelona,11,Gasolina,ECO,36.0,True,Todo Terreno,5.0,197.0,5,GRIS,45900,True,,False,2025-02-18 11:42:03.335092,15259359,VOLVO,12,2024,GRUPO LESSEPS MOTORS,True,Cataluña
León ST 1.0 eTSI S&S FR XS DSG-7 110,Barcelona,5000,Gasolina,ECO,36.0,True,Familiar,5.0,110.0,5,GRIS,27500,True,,True,2025-02-18 11:42:08.842704,14258731,SEAT,2,2024,GRUPO LESSEPS MOTORS,True,Cataluña
León 1.4 TSI e-Hybrid S&S FR XM DSG-6 204,Barcelona,25,Híbrido Enchufable,0 EMISIONES,36.0,True,Berlina,5.0,205.0,5,GRIS,28900,True,1.4,True,2025-02-18 11:42:13.909821,14258730,SEAT,7,2024,GRUPO LESSEPS MOTORS,True,Cataluña
Formentor 1.5 TSI 150 DSG,Barcelona,3000,Gasolina,C,36.0,True,Todo Terreno,5.0,150.0,5,BLANCO,33500,True,5.5,True,2025-02-18 11:42:21.558752,14258727,CUPRA,1,2024,GRUPO LESSEPS MOTORS,True,Cataluña
Arona 1.0 TSI Ecomotive S&S Style 115,Segovia,117000,Gasolina,C,12.0,False,Todo Terreno,5.0,115.0,5,BLANCO,14500,True,4.9,False,2025-02-18 11:42:26.740983,15109816,SEAT,6,2020,KM 100 SEGOVIA,True,Castilla y León
Kamiq 1.5 TSI Style,Alicante,8200,Gasolina,C,12.0,False,Todo Terreno,5.0,150.0,5,AZUL,24999,True,5.1,True,2025-02-18 11:43:18.874280,15127836,SKODA,12,2023,VOLKSWAGEN SERRAMOVIL,True,Comunidad Valenciana
Clase A 200CDI BE AMG Line 7G-DCT,Valencia,166159,Diésel,C,12.0,True,Berlina,5.0,136.0,5,NEGRO,14990,True,4.1,False,2025-02-18 11:43:24.966440,15282548,MERCEDES-BENZ,8,2014,Zylautos Motor,True,Comunidad Valenciana
T-Roc 1.0 TSI Advance,Segovia,86000,Gasolina,C,12.0,False,Todo Terreno,5.0,115.0,5,ROJO,18900,True,5.2,False,2025-02-18 11:43:31.625441,14596824,VOLKSWAGEN,1,2019,KM 100 SEGOVIA,True,Castilla y León
León 1.5 eTSI DSG-7 S&S Style Special Edition 150,Alicante,9364,Gasolina,ECO,36.0,True,Berlina,5.0,150.0,5,BLANCO,23500,True,,True,2025-02-18 11:43:37.922443,15127835,SEAT,1,2024,VOLKSWAGEN SERRAMOVIL,True,Comunidad Valenciana
A6 3.0TDI S line edition quattro S-T 200kW,Valencia,159771,Diésel,C,12.0,True,Berlina,5.0,272.0,4,GRIS,25490,True,5.1,False,2025-02-18 11:43:42.932472,15282329,AUDI,1,2018,Zylautos Motor,True,Comunidad Valenciana
León 1.5 eTSI DSG-7 S&S Style Special Edition 150,Alicante,8293,Gasolina,ECO,36.0,True,Berlina,5.0,150.0,5,GRIS,23500,True,,True,2025-02-18 11:43:49.441652,15127833,SEAT,1,2024,VOLKSWAGEN SERRAMOVIL,True,Comunidad Valenciana
Kamiq 1.0 TSI Montecarlo DSG 85kW,Alicante,7500,Gasolina,C,12.0,True,Todo Terreno,5.0,115.0,5,BLANCO,25499,True,,True,2025-02-18 11:43:54.789255,15127831,SKODA,11,2023,VOLKSWAGEN SERRAMOVIL,True,Comunidad Valenciana
XC90 D5 Inscription C AWD 235 Aut.,Valencia,149877,Diésel,C,12.0,True,Todo Terreno,7.0,235.0,5,OTROS,35990,True,6.6,False,2025-02-18 11:44:02.061233,15282144,VOLVO,6,2017,Zylautos Motor,True,Comunidad Valenciana
Polo 1.0 TSI R-Line DSG 81kW,Alicante,5000,Gasolina,C,12.0,True,Berlina,5.0,110.0,5,BLANCO,25500,True,,True,2025-02-18 11:44:09.583484,15127830,VOLKSWAGEN,2,2024,VOLKSWAGEN SERRAMOVIL,True,Comunidad Valenciana
V60 D4 Summum Aut. 181,Valencia,191337,Diésel,C,12.0,True,Familiar,5.0,181.0,5,GRIS,13990,True,4.3,False,2025-02-18 11:44:15.730464,15260819,VOLVO,9,2016,Zylautos Motor,True,Comunidad Valenciana
T-Roc 2.0TDI Life 85kW,Alicante,6224,Diésel,C,12.0,False,Todo Terreno,5.0,115.0,5,GRIS,31990,True,,True,2025-02-18 11:44:22.334005,15127829,VOLKSWAGEN,3,2024,VOLKSWAGEN SERRAMOVIL,True,Comunidad Valenciana
Passat Variant 2.0TDI BMT Advance DSG 110kW,Valencia,178993,Diésel,C,12.0,True,Familiar,5.0,150.0,5,GRIS,14990,True,4.5,False,2025-02-18 11:44:27.771341,15260816,VOLKSWAGEN,1,2016,Zylautos Motor,True,Comunidad Valenciana
Golf Variant 2.0TDI 85kW Life DSG,Alicante,56141,Diésel,C,12.0,True,Familiar,5.0,115.0,5,BLANCO,24500,True,,True,2025-02-18 11:44:35.634320,15127827,VOLKSWAGEN,4,2021,VOLKSWAGEN SERRAMOVIL,True,Comunidad Valenciana
Polo 1.0 TSI Advance 70kW,Alicante,35890,Gasolina,C,12.0,False,Berlina,5.0,95.0,5,BLANCO,17900,True,4.6,True,2025-02-18 11:44:41.755661,15127822,VOLKSWAGEN,5,2021,VOLKSWAGEN SERRAMOVIL,True,Comunidad Valenciana
Golf 1.0 TSI Advance 85kW,Segovia,96000,Gasolina,C,12.0,False,Berlina,5.0,115.0,5,BLANCO,14500,True,4.8,False,2025-02-18 11:44:47.654334,14603741,VOLKSWAGEN,1,2019,KM 100 SEGOVIA,True,Castilla y León
Formentor 1.5 e-Hybrid 200 VZ Extreme DSG,Alicante,2800,Híbrido Enchufable,0 EMISIONES,24.0,True,Todo Terreno,5.0,272.0,5,GRIS,48500,True,,True,2025-02-18 11:44:53.437668,15127817,CUPRA,8,2024,VOLKSWAGEN SERRAMOVIL,True,Comunidad Valenciana
Terramar 1.5 eTSI 110 DSG,Alicante,1650,Gasolina,ECO,24.0,True,Todo Terreno,5.0,150.0,5,AZUL,39900,True,,True,2025-02-18 11:45:22.297111,15284031,CUPRA,10,2024,VOLKSWAGEN SERRAMOVIL,True,Comunidad Valenciana
Tarraco 1.5 TSI S&S Style 150,Alicante,5950,Gasolina,C,48.0,False,Todo Terreno,5.0,150.0,5,GRIS,32500,True,5.8,True,2025-02-18 11:45:29.527751,15259865,SEAT,4,2024,VOLKSWAGEN SERRAMOVIL,True,Comunidad Valenciana
Kodiaq 2.0TDI AB tech Ambition 4x4 DSG 110kW,Alicante,72999,Diésel,C,12.0,True,Todo Terreno,5.0,150.0,5,AZUL,25999,True,5.7,True,2025-02-18 11:45:37.211838,15254560,SKODA,12,2017,VOLKSWAGEN SERRAMOVIL,True,Comunidad Valenciana
Ateca 1.5 EcoTSI S&S Style XM,Alicante,15025,Gasolina,C,12.0,False,Todo Terreno,5.0,150.0,5,GRIS,25990,True,,True,2025-02-18 11:45:44.543525,15248423,SEAT,3,2024,VOLKSWAGEN SERRAMOVIL,True,Comunidad Valenciana
Formentor 1.5 eTSI 150 DSG,Alicante,12810,Gasolina,ECO,24.0,True,Todo Terreno,5.0,150.0,5,AZUL,33900,True,,True,2025-02-18 11:45:50.628333,15237598,CUPRA,7,2024,VOLKSWAGEN SERRAMOVIL,True,Comunidad Valenciana
Tavascan 77kWh 210kW Endurance,Alicante,2190,Eléctrico,0 EMISIONES,30.0,True,Todo Terreno,5.0,285.0,5,AZUL,38900,True,,True,2025-02-18 11:45:56.626954,15237596,CUPRA,11,2024,VOLKSWAGEN SERRAMOVIL,True,Comunidad Valenciana
León 1.0 TSI S&S Style XS 110,Alicante,18099,Gasolina,C,12.0,False,Berlina,5.0,110.0,5,GRIS,21900,True,4.6,True,2025-02-18 11:46:04.505799,15221086,SEAT,4,2024,VOLKSWAGEN SERRAMOVIL,True,Comunidad Valenciana
Arona 1.5 EcoTSI S&S Special Edition DSG7 150,Alicante,23682,Gasolina,C,12.0,True,Todo Terreno,5.0,150.0,5,GRIS,22890,True,,True,2025-02-18 11:46:10.226817,15221085,SEAT,3,2024,VOLKSWAGEN SERRAMOVIL,True,Comunidad Valenciana
Vito M1 Familiar Manual de 5 Puertas,Madrid,49000,Diésel,,18.0,False,Familiar,,100.0,5,OTROS,27900,True,,False,2025-02-18 11:46:17.016257,14144000,MERCEDES-BENZ,6,2020,IGL MOTOR,True,Comunidad de Madrid
T-Cross 1.0 TSI Life 85kW,Alicante,9835,Gasolina,C,12.0,False,Todo Terreno,5.0,115.0,5,NEGRO,23490,True,,True,2025-02-18 11:46:23.432633,15195101,VOLKSWAGEN,2,2024,VOLKSWAGEN SERRAMOVIL,True,Comunidad Valenciana
Aventador LP740-4 S Roadster,Murcia,30200,Gasolina,C,12.0,True,Descapotable o convertible,,,2,AZUL,389000,True,,False,2025-02-18 11:46:29.513430,15377990,LAMBORGHINI,4,2018,CLIPPER CARS,True,Región de Murcia
Golf 2.0TDI Life 85kW,Alicante,5000,Diésel,C,12.0,False,Berlina,5.0,115.0,5,NEGRO,28500,True,,True,2025-02-18 11:46:36.363160,15181773,VOLKSWAGEN,2,2024,VOLKSWAGEN SERRAMOVIL,True,Comunidad Valenciana
Karoq 1.5 TSI Style ACT DSG,Alicante,4769,Gasolina,C,12.0,True,Todo Terreno,5.0,150.0,5,BLANCO,30000,True,,True,2025-02-18 11:46:44.073985,15148622,SKODA,9,2023,VOLKSWAGEN SERRAMOVIL,True,Comunidad Valenciana
Ibiza 1.0 MPI Evo S&S Style XM 80,Alicante,20950,Gasolina,C,12.0,False,Berlina,5.0,80.0,5,GRIS,16900,True,,True,2025-02-18 11:46:51.075277,15146045,SEAT,2,2024,VOLKSWAGEN SERRAMOVIL,True,Comunidad Valenciana
Golf 1.0 eTSI Life DSG 81kW,Alicante,14657,Gasolina,ECO,12.0,True,Berlina,5.0,110.0,5,NEGRO,29900,True,,True,2025-02-18 11:46:57.322459,15140068,VOLKSWAGEN,8,2023,VOLKSWAGEN SERRAMOVIL,True,Comunidad Valenciana
Enyaq iV 60 132kW,Alicante,2000,Eléctrico,0 EMISIONES,12.0,True,Todo Terreno,5.0,180.0,5,GRIS,33990,True,,True,2025-02-18 11:47:04.071619,15132698,SKODA,6,2024,VOLKSWAGEN SERRAMOVIL,True,Comunidad Valenciana
Golf 2.0TDI CR BMT Advance DSG 150,Madrid,128000,Diésel,C,12.0,True,Berlina,5.0,150.0,3,BLANCO,14200,True,4.4,False,2025-02-18 11:47:34.131109,15280062,VOLKSWAGEN,9,2015,AUTOMASER,True,Comunidad de Madrid
Polo 1.0 TSI R-Line DSG 81kW,Alicante,5000,Gasolina,C,36.0,True,Berlina,5.0,110.0,5,NEGRO,25200,True,,True,2025-02-18 11:47:40.682517,15407107,VOLKSWAGEN,3,2024,VOLKSWAGEN SERRAMOVIL,True,Comunidad Valenciana
Golf 1.5 TSI R-Line 110kW,Alicante,5000,Gasolina,C,36.0,False,Berlina,5.0,150.0,5,ROJO,31500,True,,True,2025-02-18 11:47:47.007926,15407106,VOLKSWAGEN,12,2023,VOLKSWAGEN SERRAMOVIL,True,Comunidad Valenciana
Polo 1.0 TSI R-Line DSG 81kW,Alicante,5000,Gasolina,C,36.0,True,Berlina,5.0,110.0,5,NEGRO,26100,True,,True,2025-02-18 11:47:53.474204,15407105,VOLKSWAGEN,4,2024,VOLKSWAGEN SERRAMOVIL,True,Comunidad Valenciana
Golf 1.5 TSI Más 85kW,Alicante,2000,Gasolina,C,12.0,False,Berlina,5.0,115.0,5,GRIS,27900,True,,True,2025-02-18 11:47:59.633631,15407104,VOLKSWAGEN,7,2024,VOLKSWAGEN SERRAMOVIL,True,Comunidad Valenciana
Golf 1.5 TSI Más 85kW,Alicante,6000,Gasolina,C,36.0,False,Berlina,5.0,115.0,5,GRIS,27900,True,,True,2025-02-18 11:48:05.560933,15407103,VOLKSWAGEN,8,2024,VOLKSWAGEN SERRAMOVIL,True,Comunidad Valenciana
T-Roc 1.0 TSI Life 85kW,Alicante,18500,Gasolina,C,12.0,False,Todo Terreno,5.0,115.0,5,GRIS,26990,True,,True,2025-02-18 11:48:11.067996,15407102,VOLKSWAGEN,4,2024,VOLKSWAGEN SERRAMOVIL,True,Comunidad Valenciana
Scala 1.0 TSI Selection 85kW,Alicante,10000,Gasolina,C,12.0,False,Berlina,5.0,115.0,5,BLANCO,19990,True,,True,2025-02-18 11:48:16.940075,15403663,SKODA,4,2024,VOLKSWAGEN SERRAMOVIL,True,Comunidad Valenciana
Karoq 2.0TDI Adblue Selection 85kW,Alicante,1200,Diésel,C,12.0,False,Todo Terreno,5.0,115.0,5,BLANCO,29999,True,,True,2025-02-18 11:48:24.201445,15401848,SKODA,9,2024,VOLKSWAGEN SERRAMOVIL,True,Comunidad Valenciana
Arona 1.0 TSI S&S FR XM 115,Alicante,2000,Gasolina,C,24.0,False,Todo Terreno,5.0,116.0,5,BLANCO,21900,True,,True,2025-02-18 11:48:31.587771,15399427,SEAT,11,2024,VOLKSWAGEN SERRAMOVIL,True,Comunidad Valenciana
Kamiq 1.0 TSI Monte Carlo 85kW DSG7,Alicante,6452,Gasolina,C,24.0,True,Todo Terreno,5.0,115.0,5,BLANCO,26200,True,,True,2025-02-18 11:48:38.313730,15391246,SKODA,4,2024,VOLKSWAGEN SERRAMOVIL,True,Comunidad Valenciana
Kamiq 1.0 TSI Style 81kW,Alicante,8000,Gasolina,C,24.0,False,Todo Terreno,5.0,110.0,5,GRIS,22390,True,,True,2025-02-18 11:48:45.067163,15391245,SKODA,12,2023,VOLKSWAGEN SERRAMOVIL,True,Comunidad Valenciana
Karoq 2.0TDI Adblue Selection 85kW,Alicante,9100,Diésel,C,24.0,False,Todo Terreno,5.0,115.0,5,BLANCO,27900,True,,True,2025-02-18 11:48:51.706362,15391244,SKODA,11,2023,VOLKSWAGEN SERRAMOVIL,True,Comunidad Valenciana
Arona 1.0 TSI S&S Xperience DSG7 XS 110,Alicante,18500,Gasolina,C,36.0,True,Todo Terreno,5.0,110.0,5,GRIS,20900,True,,True,2025-02-18 11:48:58.726527,15390364,SEAT,2,2024,VOLKSWAGEN SERRAMOVIL,True,Comunidad Valenciana
Arona 1.0 TSI S&S FR 110,Alicante,13000,Gasolina,C,36.0,False,Todo Terreno,5.0,110.0,5,GRIS,22000,True,,True,2025-02-18 11:49:06.277265,15390363,SEAT,6,2022,VOLKSWAGEN SERRAMOVIL,True,Comunidad Valenciana
León 1.0 TSI S&S Style XS 110,Alicante,26100,Gasolina,C,36.0,False,Berlina,5.0,110.0,5,BLANCO,22000,True,4.6,True,2025-02-18 11:49:13.355086,15390362,SEAT,3,2024,VOLKSWAGEN SERRAMOVIL,True,Comunidad Valenciana
CX-5 2.2 Skyactiv-D Evolution Design Navi 2WD Aut. 110kW,Alicante,137068,Diésel,C,12.0,True,Todo Terreno,5.0,150.0,5,ROJO,20900,True,5.6,True,2025-02-18 11:49:49.000628,15408299,MAZDA,5,2019,VOLKSWAGEN SERRAMOVIL,True,Comunidad Valenciana
T-Roc 1.0 TSI Life 81kW,Alicante,5000,Gasolina,C,12.0,False,Todo Terreno,5.0,109.0,5,BLANCO,27900,True,,True,2025-02-18 11:49:55.984923,15408298,VOLKSWAGEN,2,2024,VOLKSWAGEN SERRAMOVIL,True,Comunidad Valenciana
T-Roc 1.0 TSI Dark 81kW,Alicante,9000,Gasolina,C,12.0,False,Todo Terreno,5.0,109.0,5,AZUL,29500,True,,True,2025-02-18 11:50:01.522661,15408297,VOLKSWAGEN,2,2024,VOLKSWAGEN SERRAMOVIL,True,Comunidad Valenciana
Sportage 1.6 T-GDi Drive 150,Alicante,13500,Gasolina,C,12.0,False,Todo Terreno,5.0,150.0,5,NEGRO,23500,True,,True,2025-02-18 11:50:07.571837,15408296,KIA,12,2022,VOLKSWAGEN SERRAMOVIL,True,Comunidad Valenciana
Formentor 1.5 TSI 150,Alicante,19000,Gasolina,C,36.0,False,Todo Terreno,5.0,150.0,5,GRIS,28900,True,5.4,True,2025-02-18 11:53:03.859178,15390361,CUPRA,2,2024,VOLKSWAGEN SERRAMOVIL,True,Comunidad Valenciana
Ateca 1.0 TSI S&S Reference,Alicante,54000,Gasolina,C,36.0,False,Todo Terreno,5.0,110.0,5,BLANCO,20000,True,5.3,True,2025-02-18 11:53:11.036664,15390360,SEAT,1,2021,VOLKSWAGEN SERRAMOVIL,True,Comunidad Valenciana
Formentor 1.5 TSI 150,Alicante,33000,Gasolina,C,36.0,False,Todo Terreno,5.0,150.0,5,GRIS,28900,True,5.4,True,2025-02-18 11:53:18.027615,15390359,CUPRA,4,2024,VOLKSWAGEN SERRAMOVIL,True,Comunidad Valenciana
León 1.5 eTSI 110 DSG,Alicante,300,Gasolina,ECO,48.0,True,Berlina,5.0,150.0,5,GRIS,33500,True,,True,2025-02-18 11:53:25.568097,15384930,CUPRA,1,2025,VOLKSWAGEN SERRAMOVIL,True,Comunidad Valenciana
León 1.5 eTSI 110 DSG,Alicante,500,Gasolina,ECO,48.0,True,Berlina,5.0,150.0,5,AZUL,32500,True,,True,2025-02-18 11:53:30.992305,15376214,CUPRA,1,2025,VOLKSWAGEN SERRAMOVIL,True,Comunidad Valenciana
León 1.5 eTSI 110 DSG,Alicante,5200,Gasolina,ECO,24.0,True,Berlina,5.0,150.0,5,AZUL,29690,True,,True,2025-02-18 11:53:36.964296,15376213,CUPRA,8,2024,VOLKSWAGEN SERRAMOVIL,True,Comunidad Valenciana
Ibiza 1.0 TSI S&S Style 95,Alicante,111500,Gasolina,C,12.0,False,Berlina,5.0,95.0,5,AZUL,13900,True,4.5,True,2025-02-18 11:54:00.089913,15408301,SEAT,12,2017,VOLKSWAGEN SERRAMOVIL,True,Comunidad Valenciana
T-Cross 1.0 TSI Life 85kW Aut.,Alicante,17665,Gasolina,C,12.0,True,Todo Terreno,5.0,115.0,5,NEGRO,24790,True,,True,2025-02-18 11:54:07.985401,15408300,VOLKSWAGEN,4,2024,VOLKSWAGEN SERRAMOVIL,True,Comunidad Valenciana
Arona 1.0 TSI S&S Style Special Edition DSG7 115,Alicante,150,Gasolina,C,48.0,True,Todo Terreno,5.0,116.0,5,GRIS,22900,True,,True,2025-02-18 11:56:04.028089,15425154,SEAT,12,2024,VOLKSWAGEN SERRAMOVIL,True,Comunidad Valenciana
T-Cross 1.0 TSI Life 85kW,Alicante,19050,Gasolina,C,12.0,False,Todo Terreno,5.0,115.0,5,GRIS,23490,True,,True,2025-02-18 11:56:10.862069,15416937,VOLKSWAGEN,4,2024,VOLKSWAGEN SERRAMOVIL,True,Comunidad Valenciana
T-Cross 1.0 TSI Life 85kW,Alicante,19650,Gasolina,C,36.0,False,Todo Terreno,5.0,115.0,5,GRIS,24900,True,,True,2025-02-18 11:56:18.249102,15413069,VOLKSWAGEN,2,2024,VOLKSWAGEN SERRAMOVIL,True,Comunidad Valenciana
Insignia 2.0CDTI Sport 130,Zaragoza,130000,Diésel,B,12.0,False,Berlina,5.0,130.0,5,BLANCO,7999,True,5.8,False,2025-02-18 11:56:24.176079,15417140,OPEL,9,2011,CUARTE MOTOR,True,Aragón
León 1.5 TSI 110,Alicante,1500,Gasolina,C,24.0,False,Berlina,5.0,150.0,5,GRIS,30500,True,,True,2025-02-18 11:56:29.081781,15408302,CUPRA,11,2024,VOLKSWAGEN SERRAMOVIL,True,Comunidad Valenciana
Sportage 1.6 MHEV Drive Plus 4x2 136,Málaga,47000,Diésel,ECO,12.0,False,Todo Terreno,5.0,136.0,5,GRIS,23300,True,5.2,False,2025-02-18 11:58:08.342049,15094211,KIA,7,2021,MARTINSA MOTOR,True,Andalucía
Corolla 125H Active Tech,Málaga,37000,Híbrido,ECO,12.0,True,Berlina,5.0,122.0,5,BLANCO,21300,True,,True,2025-02-18 11:58:15.523839,15114246,TOYOTA,8,2021,MARTINSA MOTOR,True,Andalucía
T-Roc 1.5 TSI Advance DSG7,Málaga,59000,Gasolina,C,12.0,True,Todo Terreno,5.0,150.0,5,BLANCO,25300,True,,True,2025-02-18 11:58:23.797556,15126207,VOLKSWAGEN,6,2021,MARTINSA MOTOR,True,Andalucía
A1 Sportback 25 TFSI Advanced,Málaga,25000,Gasolina,C,18.0,False,Berlina,5.0,95.0,5,BLANCO,22300,True,,True,2025-02-18 11:58:31.124357,15140585,AUDI,9,2022,MARTINSA MOTOR,True,Andalucía
Mégane 1.5dCi Blue Life 85kW,Málaga,58000,Diésel,C,12.0,False,Berlina,5.0,115.0,5,BLANCO,17300,True,3.9,True,2025-02-18 11:58:38.263486,15138515,RENAULT,11,2021,MARTINSA MOTOR,True,Andalucía
Golf 1.0 TSI 81kW,Málaga,47000,Gasolina,C,12.0,False,Berlina,5.0,110.0,5,AZUL,20800,True,,True,2025-02-18 11:58:44.921508,15144265,VOLKSWAGEN,10,2021,MARTINSA MOTOR,True,Andalucía
Kuga 1.5 EcoB. Auto S&S Trend 4x2 120,Málaga,57000,Gasolina,C,12.0,False,Todo Terreno,5.0,120.0,5,BLANCO,17800,True,6.2,True,2025-02-18 11:58:51.593115,15140941,FORD,3,2019,MARTINSA MOTOR,True,Andalucía
Qashqai 1.5dCi Acenta 4x2 85kW,Málaga,40000,Diésel,C,12.0,False,Todo Terreno,5.0,115.0,5,BLANCO,21300,True,3.9,True,2025-02-18 11:58:58.681734,15171933,NISSAN,11,2020,MARTINSA MOTOR,True,Andalucía
C5 Aircross BlueHDi S&S C-Series EAT8 130,Málaga,18,Diésel,C,24.0,True,Todo Terreno,5.0,130.0,5,GRIS,28800,True,,True,2025-02-18 11:59:03.658299,15144341,CITROEN,5,2023,MARTINSA MOTOR,True,Andalucía
Stonic 1.0 T-GDi MHEV Drive 100,Málaga,31000,Gasolina,ECO,12.0,False,Todo Terreno,5.0,100.0,5,GRIS,19800,True,,False,2025-02-18 11:59:10.511082,15152411,KIA,1,2024,MARTINSA MOTOR,True,Andalucía
Arona 1.0 TSI S&S Xperience 110,Málaga,46000,Gasolina,C,12.0,False,Todo Terreno,5.0,110.0,5,ROJO,20300,True,,True,2025-02-18 11:59:18.233860,15173797,SEAT,2,2023,MARTINSA MOTOR,True,Andalucía
T-Cross 1.0 TSI Advance,Barcelona,22801,Gasolina,C,24.0,False,Todo Terreno,5.0,95.0,5,NEGRO,20900,True,,False,2025-02-18 11:59:24.863915,13381721,VOLKSWAGEN,4,2023,SUPERWAGEN DasWeltAuto,True,Cataluña
Insight 1.3i-VTEC IMA Elegance,Alicante,130000,Híbrido,ECO,12.0,True,Berlina,5.0,98.0,5,BLANCO,9500,True,4.4,False,2025-02-18 11:59:31.365713,15421955,HONDA,4,2009,COCHES TORREVIEJA.,True,Comunidad Valenciana
T-Roc 1.5 TSI R-Line 110 kW,Madrid,5000,Gasolina,C,12.0,False,Todo Terreno,5.0,150.0,5,GRIS,33750,True,,False,2025-02-18 11:59:38.783086,15366956,VOLKSWAGEN,9,2024,F. Tomé,True,Comunidad de Madrid
Polo 1.0 TSI R-Line 70kW,Málaga,15000,Gasolina,C,18.0,False,Berlina,5.0,95.0,5,AZUL,20300,True,,True,2025-02-18 11:59:44.801266,15199149,VOLKSWAGEN,3,2023,MARTINSA MOTOR,True,Andalucía
T-Cross 1.0 TSI 70kW,Madrid,14153,Gasolina,C,12.0,False,Todo Terreno,5.0,95.0,5,NEGRO,21350,True,,False,2025-02-18 11:59:52.766415,15177840,VOLKSWAGEN,4,2024,F. Tomé,True,Comunidad de Madrid
Captur TCe Techno 67kW,Málaga,14000,Gasolina,C,24.0,False,Todo Terreno,5.0,90.0,5,OTROS,21300,True,,True,2025-02-18 12:01:38.767911,15201395,RENAULT,3,2024,MARTINSA MOTOR,True,Andalucía
Corolla 125H Active Tech,Málaga,59000,Híbrido,ECO,12.0,True,Berlina,5.0,122.0,5,BLANCO,21300,True,,True,2025-02-18 12:01:45.311361,15216896,TOYOTA,11,2021,MARTINSA MOTOR,True,Andalucía
Q2 35 TFSI Advanced S tronic 110kW,Málaga,54000,Gasolina,C,12.0,True,Todo Terreno,5.0,150.0,5,GRIS,26300,True,,True,2025-02-18 12:01:51.943205,15202325,AUDI,11,2020,MARTINSA MOTOR,True,Andalucía
T-Roc 1.5 TSI Advance DSG7,Málaga,42000,Gasolina,C,12.0,True,Todo Terreno,5.0,150.0,5,BLANCO,26800,True,,True,2025-02-18 12:01:59.386400,15220929,VOLKSWAGEN,6,2021,MARTINSA MOTOR,True,Andalucía
Stonic 1.0 T-GDi MHEV Drive 100,Málaga,32000,Gasolina,ECO,12.0,False,Todo Terreno,5.0,100.0,5,GRIS,19800,True,,False,2025-02-18 12:02:04.915141,15220671,KIA,1,2024,MARTINSA MOTOR,True,Andalucía
500 1.0 Hybrid Dolcevita 52kW,Málaga,33000,Gasolina,ECO,12.0,False,Berlina,4.0,70.0,3,AZUL,14300,True,,True,2025-02-18 12:04:06.269898,15226012,FIAT,1,2023,MARTINSA MOTOR,True,Andalucía
Ibiza 1.0 TSI S&S Reference 95,Málaga,44000,Gasolina,C,12.0,False,Berlina,5.0,95.0,5,BLANCO,15300,True,4.5,True,2025-02-18 12:04:11.787456,15220956,SEAT,11,2020,MARTINSA MOTOR,True,Andalucía
Polo 1.0 TSI Life DSG 70kW,Madrid,11805,Gasolina,C,12.0,True,Berlina,5.0,95.0,5,GRIS,22550,True,,False,2025-02-18 12:04:19.625848,15020190,VOLKSWAGEN,2,2024,F. Tomé,True,Comunidad de Madrid
208 1.2 Puretech S&S Active Pack 100,Madrid,37594,Gasolina,C,12.0,False,Berlina,5.0,100.0,5,ROJO,14900,True,4.2,False,2025-02-18 12:04:57.241879,15010693,PEUGEOT,4,2023,Modrive Madrid,True,Comunidad de Madrid
Focus 1.0 Ecoboost MHEV ST-Line X 125,Madrid,48464,Gasolina,ECO,12.0,False,Berlina,5.0,125.0,5,ROJO,20900,True,,False,2025-02-18 12:05:03.242539,15076707,FORD,1,2023,Modrive Madrid,True,Comunidad de Madrid
Golf 2.0 TSI GTI Performance DSG 230,Barcelona,168000,Gasolina,C,12.0,True,Berlina,5.0,230.0,3,BLANCO,18500,True,6.4,False,2025-02-18 12:05:09.169835,14254004,VOLKSWAGEN,7,2015,Planxisteria Europa,True,Cataluña
Clase V EQV 300 Larga e100,,8540,Eléctrico,0 EMISIONES,18.0,True,Pequeño,,204.0,5,GRIS,49900,True,,True,2025-02-18 12:05:16.733564,13800403,MERCEDES-BENZ,4,2022,MERCEDES CANARIAS LAS PALMAS,True,
EQB 250,,14720,Eléctrico,0 EMISIONES,36.0,True,Todo Terreno,5.0,190.0,5,GRIS,39990,True,,True,2025-02-18 12:05:24.177183,14777875,MERCEDES-BENZ,7,2023,MERCEDES CANARIAS LAS PALMAS,True,
Qashqai 1.5dCi N-Connecta 4x2,Barcelona,132000,Diésel,C,12.0,False,Todo Terreno,5.0,110.0,5,NEGRO,15000,True,3.8,False,2025-02-18 12:05:31.049507,13205190,NISSAN,8,2018,Planxisteria Europa,True,Cataluña
2008 1.5BlueHDi S&S Allure 100,Barcelona,58900,Diésel,C,12.0,False,Todo Terreno,5.0,100.0,5,NEGRO,13800,True,3.8,False,2025-02-18 12:05:37.784974,13971883,PEUGEOT,11,2019,Planxisteria Europa,True,Cataluña
Clase A 180 d,Zaragoza,91500,Diésel,,24.0,True,Berlina,5.0,116.0,5,OTROS,28900,True,,True,2025-02-18 12:05:44.122299,14168946,MERCEDES-BENZ,7,2021,MERCEDES AGREDA AUTOMOVIL S.A.,True,Aragón
Clase GLB 200 d,Zaragoza,26582,Diésel,,36.0,True,"4x4, SUV o pickup",5.0,150.0,5,NEGRO,43900,True,,True,2025-02-18 12:05:49.250219,15197343,MERCEDES-BENZ,7,2023,MERCEDES AGREDA AUTOMOVIL S.A.,True,Aragón
208 PureTech 73kW (100CV) Allure,Barcelona,78714,Gasolina,C,12.0,False,Berlina,,100.0,5,GRIS,13250,True,,True,2025-02-18 12:05:54.867308,15095729,PEUGEOT,10,2020,STELLANTIS & YOU BARCELONA - SANT FELIÚ,True,Cataluña
C3 Aircross Puretech S&S C-Series 110,Barcelona,29481,Gasolina,C,36.0,False,Todo Terreno,5.0,110.0,5,GRIS,16970,True,,True,2025-02-18 12:06:02.056749,15374711,CITROEN,7,2023,STELLANTIS & YOU BARCELONA - SANT FELIÚ,True,Cataluña
Mini Cooper Aut.,La Coruña,57815,Gasolina,C,24.0,True,Berlina,5.0,136.0,5,GRIS,27900,True,5.0,False,2025-02-18 12:06:07.659952,15115098,MINI,12,2020,NOVOMOVIL,True,Galicia
X3 xDrive 20dA,La Coruña,87272,Diésel,C,24.0,True,Todo Terreno,5.0,190.0,5,OTROS,37700,True,5.1,False,2025-02-18 12:06:14.189656,13832758,BMW,5,2020,NOVOMOVIL,True,Galicia
Juke 1.6 Acenta 4x2 112,,90336,Gasolina,C,12.0,False,Todo Terreno,5.0,112.0,5,BLANCO,13790,True,6.9,False,2025-02-18 12:06:20.489508,15401172,NISSAN,2,2019,SHOPING CAR,True,
Mini Cooper Aut.,La Coruña,72224,Gasolina,C,24.0,True,Berlina,5.0,136.0,5,NEGRO,27900,True,,False,2025-02-18 12:06:28.137227,15143626,MINI,3,2021,NOVOMOVIL,True,Galicia
Countryman C Essential,La Coruña,11378,Gasolina,ECO,24.0,True,Todo Terreno,5.0,170.0,5,NEGRO,39800,True,,False,2025-02-18 12:06:35.594351,15195489,MINI,2,2024,NOVOMOVIL,True,Galicia
Clase C 200 d Berlina,Toledo,8900,Diésel,,36.0,True,Berlina,5.0,163.0,4,GRIS,48900,True,,True,2025-02-18 12:07:05.703937,14592739,MERCEDES-BENZ,6,2024,AUTOKRATOR,True,Castilla-La Mancha
500X 1.3Mjt S&S Urban 4x2,Málaga,40000,Diésel,C,12.0,False,Todo Terreno,5.0,95.0,5,BLANCO,16300,True,4.2,True,2025-02-18 12:07:12.428172,15412519,FIAT,1,2021,MARTINSA MOTOR,True,Andalucía
Clase C 200 d Berlina,Alicante,8900,Diésel,,36.0,True,Berlina,5.0,163.0,4,GRIS,48900,True,,True,2025-02-18 12:07:19.950389,14593620,MERCEDES-BENZ,6,2024,VISAUTO ALICANTE,True,Comunidad Valenciana
Clase A 180 d Compacto,Alicante,3200,Diésel,,36.0,True,Berlina,5.0,116.0,5,AZUL,36700,True,,True,2025-02-18 12:07:27.200581,14199745,MERCEDES-BENZ,8,2024,VISAUTO ALICANTE,True,Comunidad Valenciana
Qashqai 1.3 DIG-T mHEV 12V N-Connecta 4x2 103kW,Málaga,38000,Gasolina,ECO,12.0,False,Todo Terreno,5.0,140.0,5,GRIS,20800,True,,True,2025-02-18 12:07:35.167155,15412797,NISSAN,1,2021,MARTINSA MOTOR,True,Andalucía
Mini Cooper D Aut.,Madrid,64000,Diésel,C,18.0,True,Berlina,5.0,116.0,5,OTROS,18900,True,3.9,False,2025-02-18 12:07:42.575608,15234847,MINI,6,2019,IGL MOTOR,True,Comunidad de Madrid
Clase B 180 d AMG Line (EURO 6d),Alicante,20617,Diésel,,36.0,True,Berlina,,116.0,5,BLANCO,36900,True,,True,2025-02-18 12:07:50.512013,15409558,MERCEDES-BENZ,1,2024,VISAUTO ALICANTE,True,Comunidad Valenciana
EQB 250+,Alicante,5100,Eléctrico,0 EMISIONES,36.0,True,Todo Terreno,5.0,190.0,5,OTROS,57900,True,,True,2025-02-18 12:07:57.424004,15409537,MERCEDES-BENZ,11,2024,VISAUTO ALICANTE,True,Comunidad Valenciana
Captur TCe Techno 67kW,Málaga,18000,Gasolina,C,24.0,False,Todo Terreno,5.0,90.0,5,GRIS,21300,True,,True,2025-02-18 12:08:03.134672,15422419,RENAULT,3,2024,MARTINSA MOTOR,True,Andalucía
Tucson 1.6CRDI 48V SLE 4x2,Málaga,40000,Diésel,ECO,12.0,False,Todo Terreno,5.0,116.0,5,BLANCO,22300,True,4.2,True,2025-02-18 12:08:11.094335,15422992,HYUNDAI,1,2021,MARTINSA MOTOR,True,Andalucía
XC40 B3 Essential Aut.,Toledo,10,Gasolina,ECO,18.0,True,Todo Terreno,5.0,163.0,5,BLANCO,34490,True,,True,2025-02-18 12:08:17.363777,15441981,VOLVO,11,2024,GRUPO VIÑARÁS TOLEDO,True,Castilla-La Mancha
208 1.2 Puretech S&S Active 75,Tarragona,63772,Gasolina,C,12.0,False,Berlina,5.0,75.0,5,OTROS,11990,True,4.1,False,2025-02-18 12:08:24.879606,14912591,PEUGEOT,5,2020,GO MOTOR.,True,Cataluña
Mokka 1.2T S&S GS 136,Tarragona,14871,Gasolina,C,12.0,False,Todo Terreno,5.0,136.0,5,ROJO,20990,True,,False,2025-02-18 12:08:31.878819,15308619,OPEL,4,2024,GO MOTOR.,True,Cataluña
T-Cross 1.0 TSI Edition,Málaga,30000,Gasolina,C,12.0,False,Todo Terreno,5.0,95.0,5,BLANCO,20300,True,,True,2025-02-18 12:08:37.728630,15426509,VOLKSWAGEN,1,2022,MARTINSA MOTOR,True,Andalucía
Golf GTE 1.4 TSI,Madrid,84016,Híbrido Enchufable,0 EMISIONES,12.0,True,Berlina,5.0,204.0,5,BLANCO,22800,True,1.6,True,2025-02-18 12:08:44.855743,15401433,VOLKSWAGEN,12,2019,"JARMAUTO, concesionario oficial Volkswagen",True,Comunidad de Madrid
A4 35 TFSI Advanced S tronic 110kW,Málaga,53000,Gasolina,ECO,12.0,True,Berlina,5.0,150.0,4,GRIS,24300,True,,True,2025-02-18 12:08:51.406983,15427609,AUDI,8,2019,MARTINSA MOTOR,True,Andalucía
Clase CLS 350d 4Matic Aut.,Sevilla,209000,Diésel,C,12.0,True,Coupe,5.0,286.0,4,AZUL,35990,True,5.7,False,2025-02-18 12:09:29.409227,15326687,MERCEDES-BENZ,11,2019,AUTOS CATA CARS,True,Andalucía
T-Cross 1.0 TSI Advance,Málaga,24000,Gasolina,C,12.0,False,Todo Terreno,5.0,95.0,5,OTROS,20300,True,,True,2025-02-18 12:09:36.448259,15376037,VOLKSWAGEN,4,2021,MARTINSA MOTOR,True,Andalucía
A4 35 TFSI Advanced S tronic 110kW,Málaga,7000,Gasolina,ECO,18.0,True,Berlina,5.0,150.0,4,BLANCO,36300,True,,True,2025-02-18 12:09:43.043674,15382389,AUDI,10,2023,MARTINSA MOTOR,True,Andalucía
Clase SLK 200,Alicante,164325,Gasolina,,18.0,False,Roadster,2.0,136.0,2,ROJO,7800,True,8.1,False,2025-02-18 12:09:50.324529,15218490,MERCEDES-BENZ,2,1998,ANDRADA OCASION,True,Comunidad Valenciana
Arona 1.0 TSI Ecomotive S&S Style 115,Málaga,66000,Gasolina,C,12.0,False,Todo Terreno,5.0,115.0,5,BLANCO,17300,True,4.9,True,2025-02-18 12:09:57.312632,15375646,SEAT,10,2020,MARTINSA MOTOR,True,Andalucía
Corolla hybrid 125H Active,Alicante,79657,Gasolina,C,12.0,True,Familiar,,98.0,5,AZUL,22500,True,,False,2025-02-18 12:10:04.147957,15400599,TOYOTA,1,2022,ANDRADA OCASION,True,Comunidad Valenciana
Qashqai 1.5dCi Tekna DCT 4x2 85kW,Málaga,60000,Diésel,C,12.0,True,Todo Terreno,5.0,115.0,5,NEGRO,23300,True,4.2,True,2025-02-18 12:10:17.892856,15373418,NISSAN,11,2020,MARTINSA MOTOR,True,Andalucía
Serie 3 318dA Touring M Sport,Málaga,17000,Diésel,ECO,12.0,True,Familiar,5.0,150.0,5,NEGRO,44300,True,,True,2025-02-18 12:10:26.090010,15369511,BMW,4,2024,MARTINSA MOTOR,True,Andalucía
Freemont 2.0 Mjt 170 CV 4x4 aut. Park Avenue,Alicante,122807,Diésel,,12.0,True,Monovolumen,,170.0,5,BLANCO,13900,True,,False,2025-02-18 12:10:31.270697,14524614,FIAT,9,2012,ANDRADA OCASION,True,Comunidad Valenciana
X1 sDrive 18dA,Málaga,52000,Diésel,C,12.0,True,Todo Terreno,5.0,150.0,5,BLANCO,30300,True,,True,2025-02-18 12:10:38.343070,15368481,BMW,1,2022,MARTINSA MOTOR,True,Andalucía
Clase E 200 Berlina Aut.,Alicante,138350,Gasolina,C,12.0,True,Familiar,,184.0,4,NEGRO,20300,True,,False,2025-02-18 12:10:44.870370,15071343,MERCEDES-BENZ,5,2016,ANDRADA OCASION,True,Comunidad Valenciana
500 1.0 Hybrid Dolcevita 52kW,Málaga,64000,Gasolina,ECO,12.0,False,Berlina,4.0,70.0,3,BLANCO,12300,True,,True,2025-02-18 12:10:51.620981,15366055,FIAT,5,2022,MARTINSA MOTOR,True,Andalucía
Tiguan 2.0TDI BMT Cross 4x2 110,Valencia,137000,Diésel,C,18.0,False,Todo Terreno,5.0,110.0,5,NEGRO,13500,True,5.3,False,2025-02-18 12:10:57.805907,15025972,VOLKSWAGEN,5,2014,KM AUTOS,True,Comunidad Valenciana
V40 D2 Kinetic 120,Sevilla,260000,Diésel,C,12.0,False,Berlina,5.0,120.0,5,BLANCO,10000,True,3.4,False,2025-02-18 12:11:03.327413,15412910,VOLVO,1,2017,AUTOCASION CABAS,True,Andalucía
Clase GLE 350d 4Matic Aut.,Sevilla,70960,Diésel,C,12.0,True,Todo Terreno,5.0,258.0,5,NEGRO,48800,True,,False,2025-02-18 12:11:09.614295,15412893,MERCEDES-BENZ,1,2018,AUTOCASION CABAS,True,Andalucía
C-HR 125H Advance,Málaga,22000,Híbrido,ECO,12.0,True,Todo Terreno,5.0,122.0,5,BLANCO,27800,True,,True,2025-02-18 12:11:40.058787,15362884,TOYOTA,6,2022,MARTINSA MOTOR,True,Andalucía
X3 xDrive 20dA xLine,Málaga,28000,Diésel,ECO,12.0,True,Todo Terreno,5.0,190.0,5,GRIS,48300,True,,True,2025-02-18 12:11:48.310972,15352962,BMW,6,2023,MARTINSA MOTOR,True,Andalucía
T-Cross 1.0 TSI Advance DSG7 81kW,Málaga,49000,Gasolina,C,12.0,True,Todo Terreno,5.0,110.0,5,OTROS,22300,True,,True,2025-02-18 12:11:55.434113,15362859,VOLKSWAGEN,6,2022,MARTINSA MOTOR,True,Andalucía
XC40 T2 Momentum Core,Málaga,34000,Gasolina,C,12.0,False,Todo Terreno,5.0,129.0,5,NEGRO,25800,True,6.3,False,2025-02-18 12:12:00.958994,15352708,VOLVO,11,2020,MARTINSA MOTOR,True,Andalucía
Micra IG-T N-Desing Black 92,Málaga,30000,Gasolina,C,12.0,False,Berlina,5.0,92.0,5,BLANCO,16300,True,,True,2025-02-18 12:12:09.038661,15346378,NISSAN,9,2022,MARTINSA MOTOR,True,Andalucía
Qashqai 1.3 DIG-T N-Connecta 4x2 DCT 117kW,Málaga,37000,Gasolina,C,12.0,True,Todo Terreno,5.0,160.0,5,OTROS,24300,True,5.4,True,2025-02-18 12:12:16.217022,15346137,NISSAN,4,2021,MARTINSA MOTOR,True,Andalucía
XC40 T2 R-Design Aut.,Málaga,25000,Gasolina,C,12.0,True,Todo Terreno,5.0,129.0,5,OTROS,30300,True,6.5,False,2025-02-18 12:12:21.391019,15337801,VOLVO,11,2021,MARTINSA MOTOR,True,Andalucía
Panda 1.0 Gse City Live Hybrid,Málaga,17000,Gasolina,ECO,12.0,False,Berlina,4.0,70.0,5,NEGRO,12300,True,4.2,True,2025-02-18 12:12:28.069922,15335290,FIAT,5,2023,MARTINSA MOTOR,True,Andalucía
Mazda2 2 Hybrid 1.5 85 kW (116 CV) CVT Select,Albacete,13903,Híbrido,ECO,12.0,True,Berlina,,116.0,5,ROJO,24990,True,,False,2025-02-18 12:12:33.897168,12983997,MAZDA,3,2023,GRUPO MOTORALBA,True,Castilla-La Mancha
500 1.0 Hybrid Dolcevita 52kW,Albacete,37634,Gasolina,ECO,12.0,False,Berlina,4.0,70.0,3,AZUL,12999,True,,False,2025-02-18 12:12:41.882905,15424519,FIAT,6,2022,GRUPO MOTORALBA,True,Castilla-La Mancha
Karoq 1.0 TSI Ambition DSG,Albacete,33851,Gasolina,C,12.0,True,Todo Terreno,5.0,115.0,5,BLANCO,19989,True,5.3,False,2025-02-18 12:12:49.244363,15311035,SKODA,2,2021,GRUPO MOTORALBA,True,Castilla-La Mancha
S-Max S Max 2.0 TDCi 140kW (190CV ) PowerShift AWD Vignale,Albacete,56480,Diésel,,12.0,True,Familiar,,190.0,5,NEGRO,33990,True,,False,2025-02-18 12:12:56.426833,14151026,FORD,2,2019,GRUPO MOTORALBA,True,Castilla-La Mancha
CX-3 2.0 Style+ 2WD Aut. 120,Castellón,68850,Gasolina,C,12.0,True,Todo Terreno,5.0,120.0,5,BLANCO,16900,True,5.8,False,2025-02-18 12:13:03.446508,15426434,MAZDA,5,2016,ALO WAGEN,True,Comunidad Valenciana
Touran 1.6TDI Edition 105,Segovia,203000,Diésel,B,12.0,False,Monovolumen,5.0,105.0,5,BLANCO,9500,True,5.1,False,2025-02-18 12:13:10.813062,15441666,VOLKSWAGEN,2,2013,KM 100 SEGOVIA,True,Castilla y León
Serie 4 430iA Coupé,Madrid,87000,Gasolina,C,12.0,True,Coupe,4.0,258.0,2,NEGRO,37900,True,5.7,False,2025-02-18 12:13:17.395561,15405416,BMW,1,2021,AUTO SPORT MORALEJA,True,Comunidad de Madrid
X5 xDrive 50iA,Valladolid,74252,Gasolina,C,12.0,True,Todo Terreno,5.0,449.0,5,NEGRO,36999,True,10.4,False,2025-02-18 12:13:24.396685,15415532,BMW,7,2016,DURSAN SALAMANCA,True,Castilla y León
Arona 1.0 TSI S&S FR DSG7 110,Málaga,23000,Gasolina,C,18.0,True,Todo Terreno,5.0,110.0,5,BLANCO,22300,True,,True,2025-02-18 12:13:50.214572,15334646,SEAT,7,2023,MARTINSA MOTOR,True,Andalucía
Polo 1.0 TSI R-Line DSG 70kW,Málaga,40000,Gasolina,C,12.0,True,Berlina,5.0,95.0,5,GRIS,20300,True,,True,2025-02-18 12:13:58.097970,15328479,VOLKSWAGEN,5,2022,MARTINSA MOTOR,True,Andalucía
Polo 1.0 TSI R-Line DSG 81kW,Málaga,18000,Gasolina,C,18.0,True,Berlina,5.0,110.0,5,NEGRO,23800,True,,True,2025-02-18 12:14:05.544204,15320380,VOLKSWAGEN,9,2023,MARTINSA MOTOR,True,Andalucía
Yaris 100H 1.5 Active,Málaga,41000,Híbrido,ECO,12.0,True,Berlina,5.0,100.0,5,BLANCO,19300,True,3.7,True,2025-02-18 12:14:14.425671,15319925,TOYOTA,9,2020,MARTINSA MOTOR,True,Andalucía
Clio Blue dCi Business 74kW,Málaga,54000,Diésel,C,12.0,False,Berlina,5.0,100.0,5,BLANCO,15800,True,,True,2025-02-18 12:14:20.588747,15319497,RENAULT,12,2021,MARTINSA MOTOR,True,Andalucía
Mégane 1.5dCi Blue Life 85kW,Málaga,47000,Diésel,C,12.0,False,Berlina,5.0,115.0,5,BLANCO,17800,True,3.9,True,2025-02-18 12:14:27.469351,15318805,RENAULT,12,2021,MARTINSA MOTOR,True,Andalucía
Polo 1.0 TSI R-Line 70kW,Málaga,21000,Gasolina,C,12.0,False,Berlina,5.0,95.0,5,BLANCO,19300,True,,True,2025-02-18 12:14:34.180604,15318499,VOLKSWAGEN,12,2021,MARTINSA MOTOR,True,Andalucía
Serie 3 318dA M Sport,Málaga,13000,Diésel,ECO,24.0,True,Berlina,5.0,150.0,4,GRIS,42300,True,,True,2025-02-18 12:14:42.916658,15303542,BMW,5,2024,MARTINSA MOTOR,True,Andalucía
Serie 1 116d,Málaga,52000,Diésel,C,12.0,False,Berlina,5.0,116.0,5,BLANCO,19300,True,3.8,True,2025-02-18 12:14:48.441403,15303360,BMW,3,2019,MARTINSA MOTOR,True,Andalucía
C5 Aircross PureTech S&S Feel EAT8 130,Madrid,118000,Gasolina,C,18.0,True,Todo Terreno,5.0,130.0,5,AZUL,3900,True,5.1,False,2025-02-18 12:14:54.655633,15441998,CITROEN,7,2020,"PERITACIONES AUTOVENTA A PROFESIONALES,S.L",True,Comunidad de Madrid
Arona 1.0 TSI S&S FR DSG7 110,Málaga,11000,Gasolina,C,18.0,True,Todo Terreno,5.0,110.0,5,AZUL,22300,True,,True,2025-02-18 12:14:59.895106,15291804,SEAT,9,2023,MARTINSA MOTOR,True,Andalucía
Mégane 1.5dCi Blue Life 85kW,Málaga,50000,Diésel,C,12.0,False,Berlina,5.0,115.0,5,BLANCO,17800,True,3.9,True,2025-02-18 12:15:07.712753,15283872,RENAULT,1,2022,MARTINSA MOTOR,True,Andalucía
Arona 1.0 TSI S&S Xperience XS 110,Málaga,48000,Gasolina,C,18.0,False,Todo Terreno,5.0,110.0,5,BLANCO,19800,True,,True,2025-02-18 12:15:15.278996,15283866,SEAT,2,2023,MARTINSA MOTOR,True,Andalucía
Yaris 100H 1.5 Active,Málaga,30000,Híbrido,ECO,12.0,True,Berlina,5.0,100.0,5,BLANCO,18300,True,3.7,True,2025-02-18 12:15:22.360803,15365991,TOYOTA,10,2019,MARTINSA MOTOR,True,Andalucía
500X 1.3 Firefly S&S Sport DCT 4x2,Málaga,65000,Gasolina,C,12.0,True,Todo Terreno,5.0,150.0,5,GRIS,20300,True,6.5,True,2025-02-18 12:15:29.293207,15365725,FIAT,4,2022,MARTINSA MOTOR,True,Andalucía
Juke 1.0 DIG-T Acenta 4x2 114,Málaga,20000,Gasolina,C,12.0,False,Todo Terreno,5.0,114.0,5,BLANCO,18800,True,,True,2025-02-18 12:15:36.738568,15365714,NISSAN,10,2021,MARTINSA MOTOR,True,Andalucía
Polo 1.0 TSI Life 70kW,Málaga,33000,Gasolina,C,12.0,False,Berlina,5.0,95.0,5,OTROS,18300,True,,True,2025-02-18 12:16:11.351638,15247754,VOLKSWAGEN,11,2021,MARTINSA MOTOR,True,Andalucía
Tucson 1.6CRDI SLE 4x2,Málaga,38000,Diésel,C,12.0,False,Todo Terreno,5.0,116.0,5,GRIS,22300,True,4.7,True,2025-02-18 12:16:18.581845,15247239,HYUNDAI,11,2020,MARTINSA MOTOR,True,Andalucía
Polo 1.0 TSI Life 70kW,Málaga,15000,Gasolina,C,18.0,False,Berlina,5.0,95.0,5,BLANCO,19300,True,,True,2025-02-18 12:16:26.009783,15404406,VOLKSWAGEN,5,2023,MARTINSA MOTOR,True,Andalucía
Serie 1 M135iA xDrive (9.75),Alicante,50000,Gasolina,C,12.0,True,Berlina,4.0,306.0,5,OTROS,37990,True,7.1,False,2025-02-18 12:16:31.794679,15442000,BMW,9,2019,AUTOS GERSAN,True,Comunidad Valenciana
X2 sDrive 18dA,Málaga,31000,Diésel,C,12.0,True,Todo Terreno,5.0,150.0,5,GRIS,29300,True,4.4,True,2025-02-18 12:16:40.220341,15426557,BMW,11,2021,MARTINSA MOTOR,True,Andalucía
X2 sDrive 18iA Advantage,Málaga,39000,Gasolina,C,12.0,True,Todo Terreno,5.0,136.0,5,BLANCO,27800,True,5.4,True,2025-02-18 12:16:48.847980,15427200,BMW,7,2020,MARTINSA MOTOR,True,Andalucía
Clase GLC Coupé 200 4Matic 9G-Tronic,Málaga,52000,Gasolina,ECO,12.0,True,Coupe,5.0,197.0,5,AZUL,46800,True,7.1,True,2025-02-18 12:16:56.670769,15334954,MERCEDES-BENZ,3,2021,MARTINSA MOTOR,True,Andalucía
